Time(UTC),TEC_actual(TECU),Delay_actual_L1(m),TEC_LSTM(TECU),Delay_LSTM_L1(m),TEC_Transformer(TECU),Delay_Transformer_L1(m)
00:00,27.026266,4.38919210,82.111160,13.33523750,21.618141,3.51088738
00:01,34.584866,5.61674404,75.847984,12.31806850,25.524616,4.14531708
00:02,34.451588,5.59509945,68.769928,11.16855812,25.344547,4.11607313
00:03,32.976044,5.35546398,61.573822,9.99987698,25.756042,4.18290186
00:04,26.569324,4.31498289,54.849289,8.90778160,27.623402,4.48616982
00:05,30.339104,4.92721272,49.150547,7.98227930,25.119579,4.07953739
00:06,30.710369,4.98750782,44.516121,7.22962666,25.990372,4.22095823
00:07,35.831936,5.81927443,40.941750,6.64913177,25.707336,4.17499208
00:08,38.335606,6.22588205,38.018047,6.17430925,26.596199,4.31934738
00:09,30.586615,4.96740961,35.757313,5.80715513,28.359142,4.60565758
00:10,35.670101,5.79299164,34.014931,5.52418423,29.890030,4.85428095
00:11,33.823292,5.49306107,32.799156,5.32673645,29.795341,4.83890295
00:12,35.060844,5.69404554,32.155571,5.22221565,29.644993,4.81448555
00:13,40.448963,6.56910133,32.152313,5.22168636,28.322109,4.59964323
00:14,32.509583,5.27970839,32.447514,5.26962805,28.308434,4.59742212
00:15,32.595261,5.29362297,32.692753,5.30945635,28.380630,4.60914755
00:16,34.937092,5.67394733,32.913212,5.34525967,28.869350,4.68851757
00:17,37.088531,6.02335119,33.351166,5.41638565,29.772850,4.83525038
00:18,38.840145,6.30782175,33.761806,5.48307562,30.814419,5.00440598
00:19,45.408699,7.37458563,34.028259,5.52634859,31.601971,5.13230801
00:20,40.943985,6.64949512,34.198364,5.55397463,36.845459,5.98387527
00:21,44.399616,7.21070576,34.304310,5.57118082,35.853008,5.82269669
00:22,40.715515,6.61239052,34.607685,5.62045002,36.056114,5.85568190
00:23,43.028790,6.98807716,35.289661,5.73120642,34.608917,5.62065029
00:24,45.951317,7.46270943,35.914570,5.83269453,34.637051,5.62521935
00:25,47.103195,7.64977980,36.727581,5.96473122,34.475765,5.59902573
00:26,40.268089,6.53972626,37.430607,6.07890606,31.758553,5.15773773
00:27,45.313503,7.35912514,37.897526,6.15473557,33.145958,5.38305902
00:28,45.722847,7.42560482,38.287476,6.21806526,33.622593,5.46046686
00:29,48.921448,7.94507217,38.642067,6.27565289,34.486832,5.60082293
00:30,40.877350,6.63867331,38.851097,6.30960035,39.126637,6.35434914
00:31,47.169834,7.66060209,39.097107,6.34955359,39.887157,6.47786140
00:32,50.416031,8.18779945,39.446320,6.40626717,39.425995,6.40296650
00:33,47.436382,7.70389080,39.940506,6.48652554,40.280029,6.54166555
00:34,59.659603,9.68899918,40.260017,6.53841543,40.432919,6.56649542
00:35,55.023537,8.93607998,40.397697,6.56077528,39.176121,6.36238575
00:36,48.702496,7.90951347,40.561081,6.58730984,37.560646,6.10002470
00:37,44.094990,7.16123295,40.807266,6.62729120,36.139526,5.86922836
00:38,44.989834,7.30656004,41.696354,6.77168322,36.940197,5.99926090
00:39,54.014458,8.77220058,42.715321,6.93716812,34.008911,5.52320671
00:40,53.300484,8.65624809,43.294106,7.03116560,39.103962,6.35066652
00:41,52.596027,8.54184151,43.535522,7.07037306,41.542812,6.74674749
00:42,60.459255,9.81886673,43.714027,7.09936285,43.028374,6.98800945
00:43,54.242928,8.80930519,44.053947,7.15456772,44.571415,7.23860645
00:44,47.483982,7.71162128,44.653454,7.25193024,43.999519,7.14572811
00:45,50.682583,8.23108864,45.303249,7.35746002,41.349415,6.71533871
00:46,46.789047,7.59876060,46.196709,7.50256205,40.324612,6.54890585
00:47,60.087990,9.75857067,46.988186,7.63110161,40.024097,6.50010109
00:48,66.513748,10.80214405,47.164951,7.65980911,39.894211,6.47900677
00:49,58.688602,9.53130436,46.901474,7.61701918,39.732616,6.45276308
00:50,73.386932,11.91838169,46.329708,7.52416182,43.671192,7.09240627
00:51,54.890263,8.91443634,46.147606,7.49458742,45.223957,7.34458256
00:52,66.409035,10.78513813,46.855515,7.60955524,48.560776,7.88649750
00:53,55.908867,9.07986164,47.886959,7.77706671,47.014641,7.63539791
00:54,27.844957,4.52215147,48.907757,7.94284868,46.690868,7.58281565
00:55,28.739803,4.66747856,50.069321,8.13149261,45.406601,7.37424469
00:56,29.320501,4.76178694,51.017303,8.28544903,43.026260,6.98766613
00:57,29.149149,4.73395824,51.798965,8.41239452,42.188545,6.85161734
00:58,30.377182,4.93339682,51.254841,8.32402611,39.698872,6.44728279
00:59,29.406178,4.77570105,49.728695,8.07617283,40.963818,6.65271616
01:00,34.784779,5.64921093,47.579086,7.72706652,37.604916,6.10721445
01:01,30.891241,5.01688242,45.150551,7.33266115,37.835602,6.14467907
01:02,34.889492,5.66621685,42.731533,6.93980122,40.002632,6.49661493
01:03,35.432114,5.75434113,40.516438,6.58005953,39.269135,6.37749147
01:04,30.957880,5.02770472,38.749722,6.29313660,40.208729,6.53008604
01:05,30.719889,4.98905373,37.394096,6.07297659,38.717190,6.28785324
01:06,31.909843,5.18230820,36.383358,5.90882778,38.915413,6.32004547
01:07,33.185474,5.38947678,35.852650,5.82263851,39.840530,6.47028875
01:08,38.430801,6.24134207,35.660954,5.79150581,39.109329,6.35153818
01:09,38.973419,6.32946587,35.565979,5.77608156,38.520390,6.25589180
01:10,31.652815,5.14056540,35.425110,5.75320387,42.001789,6.82128716
01:11,37.812023,6.14084959,35.340778,5.73950815,40.770344,6.62129498
01:12,32.414387,5.26424837,35.423973,5.75301933,40.307365,6.54610491
01:13,34.632462,5.62447405,35.755657,5.80688620,40.028873,6.50087643
01:14,31.909843,5.18230820,35.972748,5.84214258,39.414768,6.40114307
01:15,33.347309,5.41575909,36.275734,5.89134932,40.123314,6.51621437
01:16,31.786089,5.16220999,36.405926,5.91249275,39.517200,6.41777849
01:17,32.957005,5.35237217,36.458500,5.92103148,40.827354,6.63055372
01:18,34.737179,5.64148045,36.472275,5.92326832,40.857967,6.63552523
01:19,32.100239,5.21322918,36.442352,5.91840887,40.595512,6.59290123
01:20,37.593071,6.10529089,36.391747,5.91019011,44.369904,7.20588017
01:21,37.574032,6.10219908,36.326195,5.89954424,44.496048,7.22636652
01:22,35.831936,5.81927443,36.337635,5.90140200,45.055569,7.31723547
01:23,36.603027,5.94450331,36.364685,5.90579510,45.281528,7.35393238
01:24,35.689144,5.79608440,36.504128,5.92844152,45.549034,7.39737654
01:25,34.575344,5.61519814,36.715187,5.96271849,46.732735,7.58961535
01:26,35.632027,5.78680801,36.951145,6.00103903,46.665062,7.57862473
01:27,44.285381,7.19215345,37.154617,6.03408384,47.697044,7.74622345
01:28,39.239971,6.37275505,37.305130,6.05852795,48.142509,7.81856918
01:29,41.372372,6.71906710,37.481064,6.08710051,48.399143,7.86024761
01:30,38.107132,6.18877697,37.657410,6.11573982,50.101658,8.13674450
01:31,40.696476,6.60929823,37.877804,6.15153265,49.596439,8.05469418
01:32,39.668354,6.44232655,38.433540,6.24178696,50.730999,8.23895168
01:33,34.899014,5.66776323,39.223476,6.37007618,50.372631,8.18075180
01:34,39.649315,6.43923473,40.374344,6.55698252,49.928421,8.10860920
01:35,39.040058,6.34028816,41.268253,6.70215750,48.788124,7.92341995
01:36,38.792545,6.30009127,41.816841,6.79125118,49.413994,8.02506447
01:37,36.060410,5.85637951,42.069324,6.83225536,50.007870,8.12151241
01:38,39.811150,6.46551704,42.183685,6.85082817,50.738808,8.24022007
01:39,42.733681,6.94014978,42.155323,6.84622192,51.855087,8.42150879
01:40,41.696037,6.77163172,42.039719,6.82744741,53.290726,8.65466404
01:41,42.676559,6.93087339,42.015385,6.82349539,53.774563,8.73324108
01:42,41.181976,6.68814611,41.966839,6.81561136,51.688866,8.39451408
01:43,38.392719,6.23515749,41.999611,6.82093382,50.014843,8.12264442
01:44,39.630276,6.43614244,42.008877,6.82243824,48.314594,7.84651661
01:45,40.382328,6.55827951,42.133335,6.84265089,47.759102,7.75630188
01:46,41.886429,6.80255222,42.387077,6.88386011,48.115192,7.81413269
01:47,43.114464,7.00199080,42.473118,6.89783335,47.389771,7.69632101
01:48,51.025288,8.28674603,42.458069,6.89538956,49.518227,8.04199219
01:49,47.112717,7.65132618,42.348343,6.87756920,52.095585,8.46056747
01:50,56.108780,9.11232853,42.430958,6.89098644,54.994408,8.93134975
01:51,48.969044,7.95280218,42.606873,6.91955566,55.597641,9.02931786
01:52,50.377953,8.18161583,42.977551,6.97975540,55.328472,8.98560333
01:53,59.678642,9.69209099,44.037460,7.15188980,54.848961,8.90772820
01:54,40.896389,6.64176512,45.353111,7.36555767,52.718414,8.56171799
01:55,48.274113,7.83994198,47.163170,7.65951967,51.626534,8.38439083
01:56,49.140400,7.98063135,48.634541,7.89847708,50.219639,8.15590477
01:57,51.177601,8.31148243,49.915222,8.10646629,51.842934,8.41953564
01:58,50.549305,8.20944405,51.001842,8.28293800,54.138149,8.79228878
01:59,51.053848,8.29138374,51.648651,8.38798332,54.117672,8.78896332
02:00,44.504333,7.22771215,52.000854,8.44518280,50.878056,8.26283455
02:01,50.606422,8.21872044,52.429062,8.51472569,50.572540,8.21321774
02:02,46.893764,7.61576700,52.948990,8.59916401,51.150364,8.30705833
02:03,47.959965,7.78892326,53.144436,8.63090515,52.343678,8.50085831
02:04,49.940048,8.11049747,52.843781,8.58207798,53.398525,8.67217064
02:05,46.455860,7.54464960,52.360249,8.50354958,51.709526,8.39786911
02:06,47.522060,7.71780539,51.783878,8.40994453,50.572823,8.21326351
02:07,57.279694,9.30249023,51.354565,8.34022236,51.389557,8.34590530
02:08,57.393929,9.32104301,51.201080,8.31529522,52.813354,8.57713604
02:09,52.043892,8.45217228,51.058712,8.29217434,52.582245,8.53960323
02:10,50.730179,8.23881912,50.818489,8.25316048,55.129807,8.95333862
02:11,54.718910,8.88660717,50.857769,8.25953960,56.118984,9.11398602
02:12,54.633232,8.87269306,51.270500,8.32656956,54.644955,8.87459660
02:13,56.508602,9.17726135,51.709927,8.39793396,56.005699,9.09558773
02:14,56.108780,9.11232853,52.162178,8.47138214,56.415108,9.16207790
02:15,56.184937,9.12469673,52.608906,8.54393291,55.145782,8.95593357
02:16,51.672623,8.39187622,53.061825,8.61748886,54.939037,8.92235756
02:17,53.976376,8.76601601,53.642494,8.71179199,55.865875,9.07287979
02:18,63.619778,10.33215046,54.309975,8.82019424,55.719254,9.04906750
02:19,66.761261,10.84234142,54.974312,8.92808628,56.153603,9.11960793
02:20,59.669125,9.69054508,55.358704,8.99051285,59.915577,9.73057079
02:21,72.834793,11.82871151,55.907394,9.07962322,61.297653,9.95502567
02:22,56.737076,9.21436691,56.844440,9.23180389,59.669266,9.69056797
02:23,64.324226,10.44655609,57.829773,9.39182568,58.762993,9.54338551
02:24,68.103531,11.06033230,59.110840,9.59987736,58.313980,9.47046375
02:25,70.369202,11.42828846,60.544430,9.83269882,56.233261,9.13254547
02:26,70.321602,11.42055798,61.740028,10.02686977,56.465454,9.17025471
02:27,73.577324,11.94930267,62.377296,10.13036537,56.527397,9.18031406
02:28,69.245888,11.24585629,62.974327,10.22732544,56.368568,9.15452003
02:29,63.343704,10.28731441,63.329033,10.28493214,57.736603,9.37669468
02:30,63.981522,10.39089870,63.803562,10.36199760,61.164944,9.93347359
02:31,68.731827,11.16237068,64.308029,10.44392490,61.652824,10.01270771
02:32,68.969818,11.20102119,64.647072,10.49898720,59.361557,9.64059544
02:33,64.000565,10.39399147,64.727730,10.51208687,61.069088,9.91790581
02:34,66.152000,10.74339485,64.701782,10.50787258,61.154587,9.93179131
02:35,63.905365,10.37853050,64.583260,10.48862362,61.051636,9.91507149
02:36,75.966751,12.33735657,64.613701,10.49356747,57.981575,9.41647911
02:37,70.245445,11.40818977,64.612366,10.49335098,57.452564,9.33056545
02:38,75.643089,12.28479195,64.787216,10.52174759,60.428909,9.81393814
02:39,81.726135,13.27270699,65.132713,10.57785797,61.858955,10.04618454
02:40,78.203873,12.70067501,65.211777,10.59069824,68.498390,11.12445927
02:41,72.720558,11.81015968,65.172409,10.58430481,69.218140,11.24135017
02:42,68.693748,11.15618706,65.492798,10.63633728,68.381516,11.10547829
02:43,81.050240,13.16293907,66.459450,10.79332638,66.518456,10.80290890
02:44,77.689812,12.61718941,67.786285,11.00881004,65.453979,10.63003254
02:45,78.270508,12.71149731,68.949409,11.19770718,67.410202,10.94773293
02:46,69.693306,11.31851959,69.938843,11.35839558,70.647476,11.47348118
02:47,83.173126,13.50770569,70.887024,11.51238441,69.129890,11.22701836
02:48,88.009102,14.29309082,71.523094,11.61568546,71.380150,11.59247112
02:49,92.873642,15.08311462,72.506714,11.77542973,74.313370,12.06883907
02:50,87.352249,14.18641472,73.562607,11.94691181,89.473152,14.53085899
02:51,90.408051,14.68269062,74.624405,12.11935329,89.049057,14.46198463
02:52,91.045868,14.78627586,76.042755,12.34969997,86.702034,14.08081627
02:53,84.829544,13.77671528,77.916351,12.65398026,85.758232,13.92753887
02:54,85.533997,13.89112186,80.037277,12.99842930,81.324539,13.20748615
02:55,96.357826,15.64896297,82.041397,13.32390690,83.196365,13.51147938
02:56,90.912590,14.76463032,84.185127,13.67205906,80.353638,13.04980755
02:57,91.959755,14.93469524,86.182777,13.99648666,81.631065,13.25726795
02:58,93.073555,15.11558151,87.903343,14.27591515,81.661240,13.26216793
02:59,90.208138,14.65022469,89.429443,14.52376080,87.272438,14.17345333
03:00,96.795731,15.72008038,90.276230,14.66128254,84.951660,13.79654789
03:01,105.515724,17.13624763,91.407272,14.84496975,80.952515,13.14706802
03:02,108.638168,17.64334679,92.094650,14.95660305,84.402344,13.70733643
03:03,98.242722,15.95507812,92.691986,15.05361271,84.163437,13.66853619
03:04,102.469437,16.64151764,93.532959,15.19019127,88.357956,14.34974575
03:05,112.560265,18.28031540,95.525772,15.51383305,86.479370,14.04465485
03:06,105.401489,17.11769485,97.018639,15.75628185,80.753532,13.11475182
03:07,109.161751,17.72838020,97.381683,15.81524181,71.391876,11.59437561
03:08,84.296440,13.69013691,97.748314,15.87478447,67.820885,11.01442909
03:09,67.399071,10.94592476,98.618416,16.01609230,73.321136,11.90769577
03:10,65.438026,10.62744236,99.990608,16.23894310,54.972565,8.92780209
03:11,63.867287,10.37234688,98.345367,15.97174835,55.781265,9.05913925
03:12,68.189201,11.07424545,95.812119,15.56033707,64.265182,10.43696690
03:13,72.730072,11.81170464,92.439171,15.01255417,72.419617,11.76128483
03:14,67.703705,10.99539852,88.523552,14.37663937,63.614376,10.33127308
03:15,67.675140,10.99075985,84.631287,13.74451733,70.754120,11.49080086
03:16,64.124313,10.41408920,81.240715,13.19387245,61.634018,10.00965309
03:17,63.362747,10.29040718,78.801994,12.79781342,70.976463,11.52690983
03:18,80.336273,13.04698753,76.804741,12.47344971,65.593826,10.65274525
03:19,64.619339,10.49448395,75.414185,12.24761677,72.175011,11.72155952
03:20,72.920471,11.84262657,74.274818,12.06257820,65.586449,10.65154648
03:21,76.909195,12.49041367,73.628899,11.95767784,64.249878,10.43448162
03:22,86.295563,14.01480389,74.109970,12.03580666,61.003628,9.90727520
03:23,63.543617,10.31978130,74.276955,12.06292534,58.532318,9.50592232
03:24,73.101341,11.87200069,74.549965,12.10726357,61.934166,10.05839920
03:25,76.433212,12.41311169,74.217545,12.05327702,60.923737,9.89430046
03:26,80.288673,13.03925705,73.643181,11.95999813,60.030109,9.74917126
03:27,79.003517,12.83054161,72.718895,11.80988979,72.250877,11.73388100
03:28,81.221596,13.19076824,72.155670,11.71841908,67.535553,10.96809006
03:29,76.138107,12.36518574,71.707352,11.64560986,74.283775,12.06403351
03:30,77.328064,12.55844021,71.992210,11.69187260,69.892853,11.35092640
03:31,63.581699,10.32596588,72.851631,11.83144665,81.611450,13.25408173
03:32,73.396446,11.91992664,75.338516,12.23532772,62.616379,10.16919327
03:33,64.038643,10.40017605,77.311462,12.55574417,62.363857,10.12818241
03:34,57.441528,9.32877350,79.179497,12.85912132,58.968731,9.57679844
03:35,69.959862,11.36180973,80.405945,13.05830193,64.968773,10.55123329
03:36,66.951653,10.87326241,80.159332,13.01825142,58.842728,9.55633450
03:37,60.811481,9.87607002,78.883774,12.81109428,68.279930,11.08898067
03:38,69.978897,11.36490059,77.472733,12.58193493,66.111015,10.73673916
03:39,72.815750,11.82561874,75.909126,12.32799816,71.461029,11.60560608
03:40,66.152000,10.74339485,74.194832,12.04958820,70.226166,11.40505886
03:41,68.589027,11.13917923,72.424850,11.76213551,74.338486,12.07291889
03:42,103.488045,16.80694389,70.932404,11.51975441,79.437187,12.90097141
03:43,71.930428,11.68183899,69.684738,11.31712818,76.782967,12.46991348
03:44,74.814880,12.15028763,69.485313,11.28474045,76.790627,12.47115803
03:45,71.844749,11.66792393,69.796791,11.33532619,76.077309,12.35531139
03:46,68.055931,11.05260181,71.706131,11.64541149,70.822952,11.50197887
03:47,63.020039,10.23474979,73.188286,11.88612080,64.296471,10.44204807
03:48,86.942902,14.11993504,74.352036,12.07511902,74.604897,12.11618519
03:49,87.923424,14.27917576,74.808609,12.14926910,78.184402,12.69751358
03:50,83.211205,13.51388931,74.678955,12.12821198,81.091759,13.16968155
03:51,89.246658,14.49407578,74.218491,12.05343056,84.210838,13.67623520
03:52,115.063927,18.68692017,74.212112,12.05239487,84.256332,13.68362331
03:53,75.614525,12.28015327,74.907990,12.16540813,87.423965,14.19806194
03:54,68.769905,11.16855526,75.928299,12.33111191,86.889275,14.11122513
03:55,78.784569,12.79498291,77.186615,12.53546810,83.802673,13.60994720
03:56,75.500290,12.26160049,77.946518,12.65888023,87.112083,14.14741039
03:57,83.668144,13.58809853,79.585472,12.92505360,77.638832,12.60891056
03:58,74.281776,12.06370831,81.987328,13.31512642,87.787476,14.25709724
03:59,83.249283,13.52007389,84.272263,13.68621063,88.347565,14.34805870
04:00,81.583344,13.24951744,85.832512,13.93960190,79.565582,12.92182350
04:01,78.489456,12.74705505,87.033463,14.13464260,79.489166,12.90941334
04:02,74.567368,12.11009026,87.874008,14.27115059,86.198212,13.99899387
04:03,70.473923,11.44529533,88.500549,14.37290382,86.378586,14.02828693
04:04,77.166229,12.53215694,89.207382,14.48769665,85.667671,13.91283131
04:05,81.602379,13.25260830,89.706383,14.56873703,85.933472,13.95599842
04:06,69.664749,11.31388187,90.572823,14.70945072,76.711189,12.45825672
04:07,65.533226,10.64290333,90.913147,14.76472092,79.639259,12.93378925
04:08,83.487274,13.55872440,90.415230,14.68385696,84.588516,13.73757172
04:09,80.174438,13.02070427,91.292267,14.82629204,82.294319,13.36498260
04:10,84.839058,13.77826023,90.354790,14.67404175,86.092239,13.98178291
04:11,75.957237,12.33581161,88.461983,14.36664009,77.677475,12.61518574
04:12,91.264816,14.82183361,88.077858,14.30425644,83.723915,13.59715652
04:13,79.251030,12.87073898,87.489998,14.20878601,84.413094,13.70908165
04:14,69.607635,11.30460644,87.102066,14.14578342,88.061829,14.30165386
04:15,67.903618,11.02786541,86.615265,14.06672478,73.724731,11.97324181
04:16,111.551178,18.11643410,86.589859,14.06259918,71.161507,11.55696201
04:17,117.386719,19.06415367,86.747093,14.08813477,71.350327,11.58762741
04:18,121.013702,19.65319252,85.693703,13.91705894,62.880753,10.21212864
04:19,69.759949,11.32934284,84.237373,13.68054390,75.446548,12.25287342
04:20,73.663002,11.96321678,82.363335,13.37619114,60.116623,9.76322174
04:21,69.721870,11.32315826,80.226143,13.02910137,62.002979,10.06957436
04:22,76.338020,12.39765263,78.146866,12.69141769,65.043953,10.56344318
04:23,76.785446,12.47031593,76.548950,12.43190861,63.885754,10.37534618
04:24,78.003960,12.66820812,75.263420,12.22313213,67.623505,10.98237419
04:25,76.280899,12.38837528,74.000664,12.01805496,64.167847,10.42115879
04:26,76.852081,12.48113823,72.804810,11.82384205,64.590622,10.48981953
04:27,80.964569,13.14902496,71.942963,11.68387413,64.827507,10.52829075
04:28,82.697144,13.43040371,71.560036,11.62168503,67.960365,11.03708172
04:29,76.623611,12.44403362,71.653091,11.63679790,65.817345,10.68904495
04:30,81.221596,13.19076824,71.909943,11.67851162,79.138878,12.85252476
04:31,83.668144,13.58809853,72.298950,11.74168873,76.329895,12.39633274
04:32,84.705788,13.75661659,72.933266,11.84470367,73.271584,11.89964867
04:33,79.955482,12.98514462,73.615250,11.95546150,76.285751,12.38916397
04:34,90.369972,14.67650700,74.356247,12.07580280,74.068718,12.02910709
04:35,86.714432,14.08283043,74.971573,12.17573452,77.188942,12.53584576
04:36,84.315483,13.69322968,75.343025,12.23606014,72.755547,11.81584167
04:37,89.979668,14.61312008,75.870796,12.32177258,77.021980,12.50873089
04:38,91.207703,14.81255817,76.410477,12.40941906,79.374069,12.89072037
04:39,90.627007,14.71825027,77.113487,12.52359200,81.028526,13.15941238
04:40,86.524040,14.05190945,77.695824,12.61816597,88.239380,14.33048916
04:41,97.481148,15.83139515,78.375534,12.72855377,86.430244,14.03667641
04:42,93.149712,15.12794971,78.812576,12.79953194,88.170578,14.31931496
04:43,99.451714,16.15142441,79.213249,12.86460304,91.810463,14.91044903
04:44,102.326645,16.61832619,79.379372,12.89158154,92.635086,15.04437256
04:45,96.557739,15.68142891,79.560539,12.92100430,92.621887,15.04222870
04:46,98.185600,15.94580173,79.827324,12.96433163,93.661827,15.21111965
04:47,94.196869,15.29801273,80.625740,13.09399796,92.742432,15.06180573
04:48,88.789711,14.41986561,81.891060,13.29949188,90.612831,14.71594810
04:49,99.023331,16.08185387,82.980652,13.47644711,87.304482,14.17865658
04:50,95.700974,15.54228687,83.933060,13.63112259,87.384056,14.19157982
04:51,98.366470,15.97517586,84.386765,13.70480633,92.119896,14.96070290
04:52,104.954063,17.04503250,84.572830,13.73502350,96.273643,15.63529110
04:53,107.648125,17.48255920,84.902168,13.78851032,99.907883,16.22550774
04:54,117.815102,19.13372421,85.219566,13.84005737,102.584122,16.66014290
04:55,107.990829,17.53821754,85.832130,13.93953991,108.918015,17.68879509
04:56,116.710831,18.95438576,86.768738,14.09165001,110.424011,17.93337631
04:57,125.307068,20.35045433,87.978149,14.28806400,114.535713,18.60113716
04:58,100.165688,16.26737785,89.497597,14.53482914,109.977631,17.86088181
04:59,104.059219,16.89970398,90.922249,14.76619911,103.830276,16.86252403
05:00,103.297646,16.77602196,93.110962,15.12165642,109.898552,17.84803963
05:01,118.966980,19.32079506,95.275757,15.47322941,114.169487,18.54166031
05:02,133.008453,21.60119629,97.188957,15.78394222,111.695267,18.13983536
05:03,116.748901,18.96056938,98.774933,16.04151154,114.602600,18.61199951
05:04,113.826378,18.48593712,99.847687,16.21573257,119.373230,19.38677216
05:05,131.466278,21.35074043,100.365356,16.29980469,117.620369,19.10209846
05:06,132.741913,21.55790901,100.744247,16.36133766,115.222153,18.71261787
05:07,110.285065,17.91081047,101.055817,16.41193771,117.313011,19.05218315
05:08,131.475800,21.35228539,101.736748,16.52252388,118.806465,19.29472733
05:09,127.658417,20.73232460,102.930115,16.71633339,115.753296,18.79887772
05:10,125.592651,20.39683533,105.040298,17.05903625,119.249435,19.36666679
05:11,134.445923,21.83464813,106.101959,17.23145485,121.279648,19.69638252
05:12,130.914139,21.26107025,107.382294,17.43938828,114.688873,18.62601089
05:13,124.040955,20.14483261,108.425652,17.60883331,118.909271,19.31142235
05:14,120.490128,19.56816101,109.591148,17.79811668,107.760727,17.50084686
05:15,119.519119,19.41046524,110.747665,17.98593903,106.906975,17.36219406
05:16,98.414070,15.98290634,111.263649,18.06973839,106.790413,17.34326363
05:17,111.160873,18.05304718,111.462944,18.10210419,109.670189,17.81095314
05:18,103.421402,16.79611969,111.421387,18.09535599,103.363342,16.78669167
05:19,94.035034,15.27173042,110.585464,17.95959854,102.816406,16.69786644
05:20,96.833809,15.72626400,109.423477,17.77088547,106.762436,17.33872032
05:21,98.233200,15.95353222,108.312553,17.59046555,106.821625,17.34833336
05:22,102.555115,16.65543175,107.325089,17.43009758,104.610306,16.98920441
05:23,96.395905,15.65514660,106.260666,17.25723076,99.201981,16.11086655
05:24,100.651192,16.34622574,105.350937,17.10948563,108.301155,17.58861542
05:25,102.564636,16.65697670,104.538422,16.97752953,110.396538,17.92891502
05:26,97.795296,15.88241386,104.108490,16.90770721,105.420479,17.12077904
05:27,99.680183,16.18852806,103.109940,16.74553680,107.000740,17.37742233
05:28,103.421402,16.79611969,102.039688,16.57172394,106.762573,17.33874130
05:29,99.223244,16.11431885,101.494713,16.48321724,108.245644,17.57959938
05:30,100.013374,16.24264145,101.500488,16.48415565,108.193375,17.57111168
05:31,102.117210,16.58431435,101.489006,16.48229027,106.473564,17.29180527
05:32,104.011620,16.89197350,102.015251,16.56775475,109.190109,17.73298454
05:33,98.804375,16.04629326,102.987633,16.72567368,113.204575,18.38495255
05:34,107.724281,17.49492836,103.577888,16.82153511,106.539001,17.30243301
05:35,104.192497,16.92135048,103.824364,16.86156273,103.578293,16.82159996
05:36,97.414513,15.82057381,103.729134,16.84609795,109.377869,17.76347923
05:37,103.402367,16.79302979,104.162979,16.91655540,114.621384,18.61504936
05:38,102.269531,16.60905075,104.375885,16.95113373,116.375977,18.90000343
05:39,103.373810,16.78839111,104.632385,16.99279022,115.479233,18.75436783
05:40,116.558510,18.92964745,104.687088,17.00167274,120.453392,19.56219482
05:41,109.171272,17.72992706,105.032486,17.05776787,122.412193,19.88031387
05:42,127.334747,20.67975998,106.335236,17.26934052,129.529999,21.03627968
05:43,121.213615,19.68565941,107.825478,17.51136208,130.171738,21.14050102
05:44,105.810837,17.18417549,109.549942,17.79142380,126.531219,20.54926300
05:45,110.865768,18.00512123,110.728058,17.98275566,123.575150,20.06918335
05:46,104.478088,16.96773148,112.340973,18.24470139,116.439445,18.91031075
05:47,89.551285,14.54354858,116.288963,18.88587189,119.065964,19.33687019
05:48,106.286819,17.26147842,118.998413,19.32589912,125.246132,20.34055901
05:49,112.998169,18.35143280,120.589157,19.58424377,123.006104,19.97676849
05:50,115.387596,18.73948669,121.038605,19.65723610,119.595833,19.42292404
05:51,104.430489,16.96000099,119.804405,19.45679665,120.963608,19.64505768
05:52,102.631271,16.66779900,118.580559,19.25803757,119.737114,19.44586754
05:53,110.808647,17.99584389,117.770218,19.12643623,120.685638,19.59991264
05:54,117.957901,19.15691566,117.245132,19.04115868,125.278107,20.34575081
05:55,117.519997,19.08579826,116.726059,18.95685959,120.194092,19.52008438
05:56,100.670227,16.34931755,116.347084,18.89531136,118.226685,19.20056725
05:57,113.255196,18.39317513,116.475021,18.91609001,120.668121,19.59706879
05:58,105.372932,17.11305809,117.340897,19.05671120,120.010742,19.49030685
05:59,120.318771,19.54033279,118.348511,19.22035217,122.130112,19.83450317
06:00,116.215805,18.87399101,118.845680,19.30109596,126.025848,20.46718788
06:01,115.292397,18.72402573,118.850761,19.30191994,128.635147,20.89095116
06:02,106.458168,17.28930473,119.053352,19.33482170,126.593781,20.55942345
06:03,114.007248,18.51531219,119.515190,19.40982628,126.978409,20.62188911
06:04,117.139214,19.02395630,120.570297,19.58118057,123.784622,20.10320282
06:05,119.319206,19.37799835,121.932785,19.80245590,122.248795,19.85377693
06:06,117.748466,19.12290192,123.058701,19.98530960,124.027084,20.14258003
06:07,119.433449,19.39655113,123.942322,20.12881470,125.051300,20.30891800
06:08,114.540344,18.60188866,124.089676,20.15274429,121.640274,19.75495148
06:09,110.941925,18.01748848,124.716599,20.25456047,122.983063,19.97302628
06:10,111.951004,18.18136787,125.210403,20.33475685,128.089539,20.80234146
06:11,123.193703,20.00723457,126.322647,20.51539040,127.152588,20.65017700
06:12,129.181564,20.97969055,126.954681,20.61803436,130.915878,21.26135254
06:13,121.680077,19.76141548,127.109192,20.64312935,127.084534,20.63912392
06:14,114.921135,18.66373062,127.393585,20.68931580,130.601166,21.21024132
06:15,117.738945,19.12135696,127.432327,20.69560623,130.144852,21.13613319
06:16,128.362869,20.84673119,128.820786,20.92109871,129.822632,21.08380318
06:17,121.384972,19.71348763,130.255585,21.15411758,132.228653,21.47455215
06:18,113.102882,18.36843872,131.033173,21.28040123,131.717148,21.39148140
06:19,119.395363,19.39036560,131.545914,21.36367226,128.727692,20.90598106
06:20,108.028915,17.54440117,132.661545,21.54485703,136.593201,22.18337631
06:21,124.497894,20.21904182,133.410553,21.66649818,139.577484,22.66803741
06:22,138.824951,22.54582214,133.376251,21.66092873,135.813934,22.05681992
06:23,123.079468,19.98868179,133.636063,21.70312309,136.446686,22.15958214
06:24,116.368118,18.89872742,133.804855,21.73053551,135.619186,22.02519226
06:25,125.030998,20.30562019,134.180313,21.79151154,129.955292,21.10534859
06:26,101.907784,16.55030251,135.801590,22.05481529,129.887817,21.09439087
06:27,125.497459,20.38137627,137.662933,22.35710526,136.845871,22.22441101
06:28,121.603920,19.74904633,137.789551,22.37766838,137.686142,22.36087418
06:29,135.550201,22.01398849,137.693680,22.36209869,135.130035,21.94575119
06:30,128.515182,20.87146759,135.778854,22.05112267,134.874115,21.90418816
06:31,116.406197,18.90491104,135.136505,21.94680214,132.963028,21.59381866
06:32,130.104965,21.12965584,134.871338,21.90373802,134.543167,21.85044098
06:33,141.081116,22.91223526,136.100891,22.10342216,137.346863,22.30577469
06:34,137.539810,22.33711052,137.535187,22.33635902,140.353668,22.79409409
06:35,126.735008,20.58235931,139.110321,22.59216881,135.721680,22.04183769
06:36,134.664871,21.87020683,139.868774,22.71534348,135.732269,22.04355621
06:37,98.623505,16.01692009,141.001648,22.89932823,128.855499,20.92673683
06:38,102.174332,16.59358978,142.614502,23.16126251,138.353760,22.46929932
06:39,145.098404,23.56466103,142.969391,23.21889877,141.948044,23.05302811
06:40,127.896408,20.77097511,143.684769,23.33507919,128.477081,20.86528015
06:41,128.972122,20.94567680,142.922668,23.21131134,126.541382,20.55091286
06:42,112.769691,18.31432724,139.056030,22.58335114,120.416290,19.55616951
06:43,114.664101,18.62198639,139.008453,22.57562447,117.624634,19.10279083
06:44,110.589699,17.96028519,138.985870,22.57195663,120.417397,19.55634880
06:45,100.908218,16.38796806,139.842377,22.71105766,115.597008,18.77349663
06:46,105.458611,17.12697220,139.957764,22.72979736,113.993088,18.51301193
06:47,109.999481,17.86443138,140.389984,22.79999161,114.056534,18.52331543
06:48,116.672745,18.94820023,136.672379,22.19623566,107.044434,17.38451767
06:49,124.240868,20.17729950,131.551025,21.36450386,111.436096,18.09774399
06:50,123.431694,20.04588509,126.967438,20.62010765,121.292892,19.69853401
06:51,125.440338,20.37209892,122.238983,19.85218430,121.381287,19.71289062
06:52,123.631607,20.07835197,118.025208,19.16784668,123.325134,20.02857971
06:53,119.300171,19.37490654,114.944580,18.66753769,123.215111,20.01071167
06:54,121.489685,19.73049355,112.310310,18.23972130,119.375137,19.38708115
06:55,116.806023,18.96984482,110.731995,17.98339462,123.159492,20.00167847
06:56,125.982956,20.46022224,110.139534,17.88717651,121.642380,19.75529289
06:57,125.630730,20.40301895,109.526833,17.78767014,122.118225,19.83257294
06:58,123.222260,20.01187325,108.942665,17.69279861,117.657471,19.10812378
06:59,135.150375,21.94905472,108.047188,17.54736900,120.492241,19.56850433
07:00,114.616508,18.61425781,109.545013,17.79062271,133.981934,21.75929451
07:01,123.288902,20.02269554,111.751999,18.14904785,130.913528,21.26097107
07:02,139.786438,22.70197296,114.376434,18.57526970,128.001740,20.78808212
07:03,103.687958,16.83941078,116.361786,18.89769936,127.504715,20.70736313
07:04,105.896515,17.19808960,118.124969,19.18404770,124.047424,20.14588356
07:05,105.363411,17.11151123,118.747818,19.28520203,129.226440,20.98698044
07:06,96.405426,15.65669250,118.829849,19.29852486,135.433823,21.99508667
07:07,91.578964,14.87285328,118.097450,19.17957878,132.946411,21.59111977
07:08,87.371284,14.18950558,117.173820,19.02957726,130.693283,21.22520256
07:09,92.540451,15.02900314,116.258186,18.88087463,130.787109,21.24044037
07:10,115.987335,18.83688736,117.523514,19.08636856,127.237778,20.66401100
07:11,106.077385,17.22746468,119.346642,19.38245392,131.837982,21.41110611
07:12,109.828125,17.83660126,120.963387,19.64502144,123.473526,20.05267906
07:13,112.931526,18.34060860,121.410355,19.71761131,121.312897,19.70178223
07:14,101.327080,16.45599174,121.625748,19.75259209,116.367920,18.89869499
07:15,90.284294,14.66259289,122.325447,19.86622620,120.584732,19.58352470
07:16,131.609070,21.37392998,121.847885,19.78866768,118.694199,19.27649498
07:17,97.167000,15.78037643,121.300545,19.69977760,121.536118,19.73803520
07:18,110.627777,17.96646881,120.361595,19.54728699,123.542175,20.06382751
07:19,125.659294,20.40765762,118.609772,19.26278305,118.205399,19.19711113
07:20,121.004189,19.65164757,116.950317,18.99328041,110.123299,17.88454056
07:21,123.545929,20.06443787,115.338127,18.73145294,111.752762,18.14917183
07:22,126.896843,20.60864258,113.655869,18.45824623,106.557487,17.30543518
07:23,128.591339,20.88383675,112.592308,18.28551865,105.270279,17.09638596
07:24,108.676247,17.64953232,112.098419,18.20530891,108.756332,17.66253853
07:25,110.951447,18.01903534,111.877884,18.16949272,109.853363,17.84070015
07:26,108.638168,17.64334679,111.128807,18.04783821,104.359482,16.94846916
07:27,113.864456,18.49212074,109.758743,17.82533455,107.016693,17.38001251
07:28,118.900345,19.30997276,107.977470,17.53604698,101.269547,16.44664955
07:29,112.979126,18.34833908,106.141853,17.23793411,100.580627,16.33476448
07:30,110.123238,17.88452911,104.522636,16.97496605,105.069199,17.06373024
07:31,125.554573,20.39065170,103.299362,16.77630043,114.886536,18.65811157
07:32,145.031769,23.55383873,102.448807,16.63816643,112.258499,18.23130608
07:33,139.472290,22.65095329,101.653343,16.50897980,111.549225,18.11611748
07:34,118.490997,19.24349403,100.830383,16.37532616,111.314613,18.07801437
07:35,120.632919,19.59135056,100.407402,16.30663300,111.660553,18.13419724
07:36,118.310127,19.21411896,100.370316,16.30060959,114.165024,18.54093552
07:37,118.510040,19.24658585,100.790421,16.36883736,116.333496,18.89310455
07:38,120.337814,19.54342461,101.777588,16.52915764,110.086853,17.87862015
07:39,122.536850,19.90055847,102.670990,16.67424965,111.661552,18.13435936
07:40,110.218430,17.89999008,103.637512,16.83121681,124.923798,20.28820992
07:41,113.864456,18.49212074,104.724487,17.00774765,127.845383,20.76268959
07:42,117.129692,19.02241135,105.923843,17.20252800,131.772491,21.40047073
07:43,120.452049,19.56197739,106.417686,17.28273010,121.948532,19.80501366
07:44,121.860954,19.79079056,106.488968,17.29430771,119.787994,19.45413208
07:45,122.327415,19.86654472,105.819550,17.18559074,124.680511,20.24869919
07:46,125.573616,20.39374352,105.581978,17.14700890,132.478607,21.51514626
07:47,120.471085,19.56506920,105.461685,17.12747192,130.950104,21.26691055
07:48,124.145668,20.16183853,105.464127,17.12786865,133.248596,21.64019585
07:49,109.675812,17.81186485,105.449409,17.12547874,130.410187,21.17922592
07:50,117.044014,19.00849724,105.743736,17.17327881,136.803543,22.21753693
07:51,128.772217,20.91321182,106.150208,17.23929024,140.917389,22.88564491
07:52,134.141296,21.78517532,106.446800,17.28745842,139.920502,22.72374535
07:53,106.391533,17.27848434,106.348915,17.27156258,134.633759,21.86515236
07:54,113.683578,18.46274567,106.649742,17.32041740,130.916138,21.26139450
07:55,107.048386,17.38515854,106.965462,17.37169266,136.073273,22.09893799
07:56,110.408821,17.93091011,108.147736,17.56369972,141.940781,23.05184746
07:57,118.024536,19.16773796,110.386559,17.92729378,143.539703,23.31151962
07:58,107.657646,17.48410606,110.632156,17.96718025,138.305527,22.46146584
07:59,109.675812,17.81186485,111.556519,18.11730194,124.841270,20.27480698
08:00,101.879219,16.54566193,111.885605,18.17074585,98.342659,15.97130871
08:01,122.946190,19.96703720,114.058029,18.52355766,97.807495,15.88439560
08:02,133.094131,21.61511040,116.166901,18.86604881,102.772987,16.69081497
08:03,148.896744,24.18152809,118.022659,19.16743279,97.653061,15.85931492
08:04,149.658310,24.30521011,116.792938,18.96772003,90.837456,14.75242805
08:05,132.818069,21.57027626,114.572678,18.60713959,90.629738,14.71869373
08:06,149.620239,24.29902840,111.509270,18.10962868,101.765289,16.52716064
08:07,149.058578,24.20781136,108.085320,17.55356216,97.411049,15.82001114
08:08,136.959106,22.24279976,104.935791,17.04206467,102.252121,16.60622406
08:09,109.247429,17.74229431,101.950989,16.55731773,97.144829,15.77677536
08:10,110.161308,17.89071274,99.509148,16.16075134,87.622429,14.23029327
08:11,113.731178,18.47047615,97.908112,15.90073586,83.038826,13.48589420
08:12,98.195122,15.94734764,96.310760,15.64131927,87.553787,14.21914577
08:13,103.526123,16.81312752,94.956810,15.42143059,86.180649,13.99614143
08:14,112.046204,18.19682884,93.845543,15.24095631,85.484566,13.88309383
08:15,106.010750,17.21664238,92.922287,15.09101486,88.354126,14.34912395
08:16,107.248299,17.41762543,92.352074,14.99840927,84.464523,13.71743393
08:17,109.076073,17.71446609,91.966583,14.93580437,88.037827,14.29775524
08:18,106.086906,17.22901154,91.744446,14.89972782,84.261826,13.68451500
08:19,106.838959,17.35114670,91.825722,14.91292763,84.778984,13.76850414
08:20,111.884369,18.17054558,91.614113,14.87856102,88.000351,14.29166985
08:21,108.590569,17.63561630,91.537849,14.86617565,84.877403,13.78448772
08:22,112.741135,18.30968857,91.470184,14.85518646,87.244049,14.16884232
08:23,103.202454,16.76056290,91.544632,14.86727715,86.795280,14.09596062
08:24,108.790482,17.66808319,91.522926,14.86375237,91.258263,14.82076931
08:25,112.122360,18.20919609,91.458008,14.85320950,95.410744,15.49515152
08:26,156.579086,25.42917824,91.694977,14.89169407,102.069199,16.57651711
08:27,148.953857,24.19080353,91.865829,14.91944122,106.391304,17.27844620
08:28,153.704163,24.96227646,91.963333,14.93527603,114.515953,18.59792709
08:29,156.350616,25.39207268,91.966911,14.93585777,117.747391,19.12272835
08:30,154.789398,25.13852310,91.943245,14.93201351,140.554993,22.82678986
08:31,164.813583,26.76649857,92.021446,14.94471455,134.735886,21.88173866
08:32,163.166687,26.49903488,95.754883,15.55104160,135.275543,21.96938133
08:33,142.946960,23.21525574,101.783630,16.53013802,139.284195,22.62040520
08:34,135.188461,21.95524025,108.820602,17.67297554,134.697662,21.87553215
08:35,154.132538,25.03184700,116.544266,18.92733574,134.022507,21.76588249
08:36,157.483459,25.57605171,122.638931,19.91713715,136.561707,22.17826080
08:37,149.429840,24.26810646,127.058716,20.63493156,133.648529,21.70514679
08:38,138.910629,22.55973625,130.291641,21.15997314,136.321533,22.13925552
08:39,140.243378,22.77618217,132.717010,21.55386353,139.550125,22.66359520
08:40,148.382675,24.09804153,134.344162,21.81812096,137.461639,22.32441521
08:41,138.196655,22.44378471,135.509735,22.00741577,136.044006,22.09418488
08:42,143.013596,23.22607803,136.415421,22.15450287,135.803986,22.05520439
08:43,133.132217,21.62129593,136.847137,22.22461700,135.369431,21.98463058
08:44,133.846191,21.73724937,137.340591,22.30475616,134.730972,21.88094139
08:45,136.787750,22.21497154,137.645767,22.35431671,135.216492,21.95979118
08:46,135.959549,22.08046722,137.631012,22.35192108,135.718781,22.04136658
08:47,139.710281,22.68960381,136.975418,22.24544907,137.003876,22.25007057
08:48,141.595169,22.99571991,136.303909,22.13639450,136.585251,22.18208504
08:49,131.847061,21.41258049,135.779556,22.05123711,137.409088,22.31587982
08:50,139.262863,22.61694145,134.952255,21.91687775,138.291702,22.45922089
08:51,130.971252,21.27034569,134.437347,21.83325577,138.713303,22.52769089
08:52,125.202347,20.33344841,134.241852,21.80150604,136.480942,22.16514397
08:53,127.658417,20.73232460,134.042343,21.76910400,136.253433,22.12819672
08:54,133.551071,21.68931961,133.018829,21.60288048,136.587357,22.18242645
08:55,137.739716,22.36957550,132.556702,21.52783012,133.902618,21.74641228
08:56,139.120071,22.59375191,131.485504,21.35386276,132.496094,21.51798630
08:57,128.286713,20.83436394,130.390182,21.17597580,134.186569,21.79252815
08:58,143.651413,23.32966232,130.728149,21.23086357,136.860870,22.22684669
08:59,138.025314,22.41595840,130.961685,21.26879120,137.952530,22.40413666
09:00,160.215591,26.01976204,130.878189,21.25523186,143.215256,23.25882912
09:01,131.780426,21.40175819,130.065720,21.12328148,148.129639,24.05694771
09:02,137.482681,22.32783127,129.147247,20.97411728,147.820602,24.00675774
09:03,136.464081,22.16240692,129.749878,21.07198906,146.712479,23.82679367
09:04,146.773865,23.83676338,130.390213,21.17598152,145.632935,23.65147018
09:05,142.585220,23.15650749,131.204758,21.30826759,140.857300,22.87588501
09:06,115.178162,18.70547295,132.759583,21.56077766,141.166046,22.92602730
09:07,118.605232,19.26204491,133.765228,21.72410011,138.915985,22.56060791
09:08,115.511353,18.75958443,134.942963,21.91536903,139.722885,22.69165039
09:09,124.297981,20.18657494,134.613007,21.86178398,141.392303,22.96277237
09:10,120.175980,19.51714134,133.642090,21.70410156,130.923157,21.26253510
09:11,113.245674,18.39162827,131.942642,21.42810249,134.319977,21.81419373
09:12,114.445152,18.58642960,130.210052,21.14672279,132.348297,21.49398422
09:13,122.889076,19.95776176,129.128204,20.97102547,133.729263,21.71825981
09:14,123.669685,20.08453560,127.732277,20.74431992,136.214813,22.12192345
09:15,111.360786,18.08551407,126.320686,20.51507187,137.064209,22.25987053
09:16,121.356415,19.70885086,125.392273,20.36429214,135.754654,22.04719162
09:17,118.814667,19.29605865,124.694260,20.25093269,136.566376,22.17901993
09:18,120.737633,19.60835648,124.461952,20.21320343,137.451813,22.32281876
09:19,120.261658,19.53105736,123.874344,20.11777306,134.880554,21.90523338
09:20,114.645065,18.61889648,123.886192,20.11969757,145.351181,23.60571289
09:21,119.471519,19.40273476,124.314957,20.18933105,145.720001,23.66561127
09:22,132.418243,21.50534248,124.608009,20.23692513,141.619843,22.99972534
09:23,116.044449,18.84616280,125.103127,20.31733322,142.658142,23.16835022
09:24,113.597900,18.44883156,125.484299,20.37923813,143.653442,23.32999229
09:25,118.367249,19.22339630,125.599197,20.39789772,143.307510,23.27381134
09:26,119.937988,19.47849083,125.591591,20.39666367,143.000977,23.22402954
09:27,116.920258,18.98839760,125.511230,20.38361168,144.297729,23.43462753
09:28,117.681831,19.11208153,125.862106,20.44059563,147.718552,23.99018478
09:29,125.954399,20.45558548,126.118675,20.48226357,147.080658,23.88658905
09:30,121.651520,19.75677681,126.631775,20.56559372,145.970886,23.70635605
09:31,119.166893,19.35326195,127.357117,20.68339348,147.127243,23.89415359
09:32,120.937546,19.64082336,128.218872,20.82334518,145.227936,23.58569717
09:33,130.599991,21.21005058,128.956451,20.94313240,145.541595,23.63663673
09:34,115.282883,18.72248077,129.758148,21.07333183,142.792023,23.19009399
09:35,120.252136,19.52951050,130.273193,21.15697670,143.135712,23.24591064
09:36,127.096756,20.64110947,130.468689,21.18872643,142.298294,23.10990906
09:37,119.833267,19.46148491,131.307312,21.32492256,145.597137,23.64565659
09:38,120.785233,19.61608696,131.693497,21.38764191,147.115814,23.89229774
09:39,119.652397,19.43210983,131.689728,21.38702965,146.245468,23.75094986
09:40,116.472839,18.91573524,131.962799,21.43137741,145.907822,23.69611359
09:41,123.393616,20.03970146,132.863617,21.57767487,147.242554,23.91287994
09:42,116.196770,18.87089920,133.565109,21.69159889,147.640594,23.97752380
09:43,129.286270,20.99669647,134.240067,21.80121613,147.567307,23.96562195
09:44,131.447235,21.34764671,134.847549,21.89987373,149.747498,24.31969452
09:45,135.845306,22.06191444,135.148727,21.94878578,148.236115,24.07423973
09:46,125.506973,20.38292122,135.491699,22.00448608,148.050598,24.04411125
09:47,130.009766,21.11419487,135.827805,22.05907249,146.829926,23.84586716
09:48,119.576241,19.41974258,136.385422,22.14963150,146.070923,23.72260284
09:49,136.321289,22.13921547,136.812927,22.21906090,148.772247,24.16131020
09:50,120.423485,19.55733871,137.298737,22.29795837,158.325684,25.71283340
09:51,131.609070,21.37392998,138.050705,22.42008209,159.129059,25.84330559
09:52,125.925842,20.45094681,137.796341,22.37877083,158.104675,25.67694092
09:53,125.050034,20.30871201,138.242966,22.45130539,159.808807,25.95369911
09:54,137.577881,22.34329224,138.196487,22.44375801,158.541260,25.74784279
09:55,133.703384,21.71405602,138.991516,22.57287407,156.486786,25.41418648
09:56,132.437271,21.50843430,139.424576,22.64320374,159.062073,25.83242607
09:57,143.099274,23.23999214,139.921188,22.72385597,157.574768,25.59088135
09:58,136.768723,22.21188164,141.560944,22.99015999,156.305634,25.38476753
09:59,130.504791,21.19458961,143.364151,23.28301048,158.198334,25.69215012
10:00,147.030884,23.87850380,144.583954,23.48111153,152.401672,24.75074577
10:01,140.062515,22.74680901,145.794250,23.67766953,149.782806,24.32542992
10:02,133.827148,21.73415565,145.992493,23.70986557,149.183334,24.22807312
10:03,128.210556,20.82199478,146.634277,23.81409454,148.327286,24.08904648
10:04,131.342514,21.33063889,147.954803,24.02855301,148.617828,24.13623238
10:05,143.118317,23.24308586,149.640152,24.30226135,150.081635,24.37396049
10:06,127.734573,20.74469376,150.065887,24.37140274,149.595016,24.29493141
10:07,118.005501,19.16464615,149.645050,24.30305672,149.347412,24.25471878
10:08,111.989082,18.18755150,148.174438,24.06422234,153.842896,24.98480797
10:09,114.949692,18.66836929,147.899673,24.01959991,153.164215,24.87458611
10:10,112.246117,18.22929573,147.929092,24.02437782,137.590607,22.34535980
10:11,111.884369,18.17054558,146.781067,23.83793259,133.152664,21.62461662
10:12,111.351265,18.08396721,147.263214,23.91623688,130.361786,21.17136574
10:13,106.857994,17.35423851,149.500351,24.27955818,130.359406,21.17097855
10:14,111.294151,18.07469177,151.078064,24.53578568,127.914795,20.77396202
10:15,106.029785,17.21973419,151.795853,24.65235710,125.447647,20.37328529
10:16,114.483231,18.59261322,151.691589,24.63542557,127.813812,20.75756264
10:17,116.396683,18.90336609,148.563171,24.12735558,125.558533,20.39129448
10:18,112.265152,18.23238754,144.624954,23.48777008,130.118591,21.13186836
10:19,103.906906,16.87496758,140.326309,22.78964996,133.194260,21.63137245
10:20,107.400620,17.44236374,136.637070,22.19050026,119.965302,19.48292732
10:21,102.298088,16.61368942,132.969055,21.59479713,117.754799,19.12393188
10:22,104.935028,17.04194069,130.322372,21.16496468,116.491074,18.91869545
10:23,109.647247,17.80722618,127.947411,20.77925873,117.850906,19.13953972
10:24,113.969170,18.50912666,125.866325,20.44128036,118.724068,19.28134537
10:25,117.691353,19.11362648,124.061890,20.14823151,120.419426,19.55667877
10:26,112.093803,18.20455933,122.668152,19.92188263,123.890228,20.12035370
10:27,110.389786,17.92781830,121.388474,19.71405602,123.800224,20.10573578
10:28,106.772316,17.34032440,120.472336,19.56527138,123.343872,20.03162193
10:29,110.494499,17.94482422,119.429993,19.39599037,123.961891,20.13199234
10:30,109.999481,17.86443138,118.664680,19.27169991,119.274803,19.37078667
10:31,106.372498,17.27539253,118.501106,19.24513435,117.368988,19.06127357
10:32,114.273796,18.55859947,118.395203,19.22793579,116.579620,18.93307686
10:33,109.866203,17.84278679,118.011131,19.16556168,111.462166,18.10197830
10:34,105.106384,17.06976891,117.559486,19.09221077,110.895233,18.00990486
10:35,110.561134,17.95564651,116.939201,18.99147415,115.890503,18.82116127
10:36,109.504456,17.78403664,116.333420,18.89309311,115.021072,18.67996025
10:37,107.115028,17.39598274,115.879463,18.81936836,118.260704,19.20609283
10:38,108.419220,17.60778999,115.345139,18.73259163,121.251984,19.69189072
10:39,101.688828,16.51474190,114.751930,18.63625145,117.216446,19.03650093
10:40,117.596153,19.09816551,114.393745,18.57808113,119.002167,19.32650948
10:41,109.980438,17.86133766,113.987411,18.51209068,121.726509,19.76895523
10:42,112.731613,18.30814171,113.550476,18.44112968,120.222382,19.52467728
10:43,113.102882,18.36843872,113.332108,18.40566444,121.048096,19.65877724
10:44,122.003746,19.81398010,113.337631,18.40656281,123.839828,20.11216927
10:45,115.968292,18.83379364,113.407227,18.41786575,124.058960,20.14775658
10:46,106.810394,17.34650803,113.170212,18.37937355,125.124680,20.32083511
10:47,106.343933,17.27075386,112.993912,18.35074043,127.133591,20.64709091
10:48,119.890388,19.47076035,112.666046,18.29749298,125.641235,20.40472603
10:49,127.696495,20.73851013,112.662567,18.29692841,123.150009,20.00013924
10:50,117.462875,19.07652092,112.994148,18.35077858,134.201630,21.79497337
10:51,113.359909,18.41018105,113.131302,18.37305450,132.184097,21.46731758
10:52,109.628212,17.80413628,113.218346,18.38718987,128.142670,20.81097031
10:53,106.667603,17.32331848,113.252159,18.39268112,131.990356,21.43585205
10:54,107.343498,17.43308640,113.596817,18.44865608,133.082062,21.61314964
10:55,116.806023,18.96984482,113.649651,18.45723534,135.344711,21.98061562
10:56,116.177727,18.86780739,113.403084,18.41719246,134.227890,21.79923820
10:57,120.756676,19.61145020,112.945534,18.34288406,134.131821,21.78363609
10:58,122.355972,19.87118340,112.481171,18.26746941,134.005554,21.76313019
10:59,124.726364,20.25614548,112.543259,18.27755356,134.395660,21.82648468
11:00,118.786110,19.29141998,112.884247,18.33293152,148.528198,24.12167549
11:01,109.314064,17.75311661,113.234108,18.38974953,137.966156,22.40635109
11:02,103.726036,16.84559441,114.565094,18.60590744,143.086411,23.23790359
11:03,140.205307,22.76999855,116.654793,18.94528580,144.835068,23.52189445
11:04,156.664764,25.44309235,119.870224,19.46748543,145.592697,23.64493561
11:05,187.660721,30.47698021,121.133408,19.67263222,141.855972,23.03807449
11:06,185.138016,30.06728172,121.796707,19.78035545,141.035492,22.90482521
11:07,178.103012,28.92476463,122.055725,19.82242203,148.127304,24.05656815
11:08,162.700226,26.42327881,123.068069,19.98683167,150.531952,24.44709396
11:09,147.068970,23.88468933,123.319954,20.02773857,145.546082,23.63736534
11:10,145.564865,23.64041710,123.611069,20.07501602,140.954636,22.89169312
11:11,147.925735,24.02383232,123.480705,20.05384445,143.044983,23.23117638
11:12,141.461899,22.97407532,124.481476,20.21637535,142.546036,23.15014458
11:13,136.806793,22.21806526,125.216324,20.33571815,142.386703,23.12426758
11:14,141.290543,22.94624710,125.232796,20.33839226,141.164810,22.92582703
11:15,148.373154,24.09649467,125.181534,20.33006859,144.434052,23.45676613
11:16,142.861282,23.20134163,124.805405,20.26898193,146.217102,23.74634171
11:17,141.966446,23.05601692,124.533829,20.22487831,145.869324,23.68986130
11:18,154.284866,25.05658531,123.920959,20.12534523,143.653229,23.32995796
11:19,139.643646,22.67878342,123.892944,20.12079430,142.409470,23.12796593
11:20,134.236496,21.80063629,124.073807,20.15016747,138.714783,22.52793121
11:21,134.198410,21.79445076,123.875908,20.11802864,138.104950,22.42889023
11:22,133.893784,21.74497795,124.325905,20.19110870,137.683533,22.36045074
11:23,129.114929,20.96887016,124.329315,20.19166374,139.640320,22.67824173
11:24,136.073776,22.09901810,123.747009,20.09709358,135.358902,21.98291969
11:25,140.490891,22.81637955,123.409271,20.04224396,138.154114,22.43687630
11:26,127.372826,20.68594360,123.025024,19.97984123,139.077637,22.58686066
11:27,128.048721,20.79571152,122.687164,19.92497063,138.995850,22.57357788
11:28,138.377533,22.47315979,122.327271,19.86652184,135.235825,21.96293259
11:29,130.714218,21.22860146,122.039413,19.81977272,139.611069,22.67349243
11:30,128.181992,20.81735611,121.814774,19.78329086,137.588257,22.34497833
11:31,127.153877,20.65038490,121.719208,19.76776886,134.923141,21.91215134
11:32,130.257278,21.15439224,121.785774,19.77857971,137.618332,22.34986115
11:33,136.987671,22.24744034,121.926987,19.80151367,135.584412,22.01954460
11:34,127.153877,20.65038490,121.797607,19.78050232,136.230865,22.12453079
11:35,121.651520,19.75677681,121.831680,19.78603554,133.453751,21.67351532
11:36,130.438156,21.18376732,121.859238,19.79051208,135.096542,21.94031143
11:37,125.354660,20.35818481,121.946594,19.80469894,133.620728,21.70063210
11:38,119.300171,19.37490654,122.087105,19.82751846,134.670685,21.87115097
11:39,121.841911,19.78769684,121.901901,19.79743958,137.582092,22.34397697
11:40,123.774399,20.10154152,122.072762,19.82518768,134.994583,21.92375374
11:41,112.407951,18.25557899,121.699783,19.76461601,136.038300,22.09325790
11:42,113.607422,18.45037842,122.037582,19.81947517,134.027466,21.76668930
11:43,115.892136,18.82142639,122.470146,19.88972473,134.627533,21.86414146
11:44,117.024979,19.00540543,122.781754,19.94033241,134.237030,21.80072212
11:45,121.746719,19.77223778,123.486877,20.05484772,135.428146,21.99416542
11:46,119.928467,19.47694588,123.700432,20.08952904,134.790176,21.89055634
11:47,119.366806,19.38572884,124.156174,20.16354370,136.106140,22.10427475
11:48,116.358597,18.89718056,124.196762,20.17013550,137.404343,22.31510925
11:49,117.919823,19.15073204,124.890991,20.28288269,133.922333,21.74961472
11:50,122.946190,19.96703720,125.164490,20.32729912,139.876083,22.71653175
11:51,116.368118,18.89872742,125.500443,20.38186073,139.729279,22.69268990
11:52,124.079033,20.15101624,126.223549,20.49929619,143.010345,23.22554970
11:53,123.288902,20.02269554,126.392334,20.52670670,140.294922,22.78455353
11:54,134.065140,21.77280617,126.217331,20.49828529,140.839111,22.87293243
11:55,121.718163,19.76759911,126.235870,20.50129700,139.411514,22.64108276
11:56,114.940170,18.66682243,126.981575,20.62240219,142.136932,23.08370399
11:57,117.462875,19.07652092,127.677536,20.73542976,143.054123,23.23266029
11:58,118.900345,19.30997276,128.578659,20.88177681,140.631500,22.83921432
11:59,124.992912,20.29943466,129.137482,20.97253227,144.846893,23.52381516
12:00,112.655457,18.29577446,128.930542,20.93892479,137.719849,22.36634827
12:01,123.022346,19.97940636,128.724533,20.90546799,138.631073,22.51433563
12:02,113.150482,18.37616920,128.503021,20.86949348,143.850952,23.36206818
12:03,125.050034,20.30871201,128.249634,20.82834244,140.892426,22.88158989
12:04,111.170395,18.05459404,128.022446,20.79144478,137.572113,22.34235573
12:05,113.483665,18.43027878,128.788330,20.91582870,141.149673,22.92336845
12:06,116.149170,18.86316872,129.591736,21.04630470,142.153015,23.08631516
12:07,118.881302,19.30688095,130.370392,21.17276192,140.806671,22.86766243
12:08,120.099823,19.50477409,130.580063,21.20681381,140.240494,22.77571297
12:09,116.710831,18.95438576,130.266891,21.15595436,142.029877,23.06631851
12:10,120.918510,19.63773346,130.525711,21.19798660,129.874786,21.09227371
12:11,116.720345,18.95593071,131.250885,21.31575966,132.201569,21.47015381
12:12,119.861832,19.46612358,131.737274,21.39475060,132.746948,21.55872726
12:13,125.992477,20.46176910,132.491150,21.51718330,134.481689,21.84045601
12:14,123.736320,20.09535789,133.114700,21.61845207,137.759552,22.37279701
12:15,126.582695,20.55762291,133.003555,21.60040092,133.270508,21.64375496
12:16,113.245674,18.39162827,133.037445,21.60590363,127.650009,20.73095894
12:17,102.117210,16.58431435,132.934036,21.58911133,126.548019,20.55199051
12:18,106.743759,17.33568764,133.930267,21.75090218,124.964005,20.29474068
12:19,103.173897,16.75592422,136.153015,22.11188698,122.905106,19.96036530
12:20,110.970482,18.02212715,136.950470,22.24139786,111.947914,18.18086624
12:21,105.886993,17.19654465,136.632858,22.18981552,107.922050,17.52704620
12:22,103.783150,16.85486984,136.512909,22.17033577,109.082443,17.71549988
12:23,106.420090,17.28312111,134.131866,21.78364372,108.125504,17.56008911
12:24,107.676682,17.48719788,131.685349,21.38631821,106.620636,17.31569099
12:25,106.934151,17.36660767,128.394119,20.85180664,111.046989,18.03455162
12:26,110.418343,17.93245697,125.098831,20.31663704,106.037254,17.22094727
12:27,99.632584,16.18079758,121.714783,19.76705170,106.497383,17.29567337
12:28,98.223679,15.95198536,119.149338,19.35041046,108.854721,17.67851639
12:29,113.169518,18.37925911,117.241165,19.04051399,108.726730,17.65773010
12:30,111.551178,18.11643410,115.297836,18.72490883,89.224571,14.49048805
12:31,102.402802,16.63069534,113.720688,18.46877289,94.645386,15.37085438
12:32,103.316689,16.77911377,112.197792,18.22144699,99.869522,16.21927834
12:33,100.955818,16.39569855,110.873978,18.00645447,100.332001,16.29438782
12:34,105.439568,17.12388039,109.913528,17.85047150,99.012520,16.08009720
12:35,104.735115,17.00947380,109.330429,17.75577354,100.641678,16.34468079
12:36,101.174767,16.43125534,108.632202,17.64237785,100.859238,16.38001251
12:37,99.242279,16.11741066,108.046371,17.54723740,96.024818,15.59488010
12:38,108.400177,17.60469627,107.308151,17.42734718,96.843727,15.72787476
12:39,99.784904,16.20553589,106.675041,17.32452583,92.312042,14.99190807
12:40,105.877472,17.19499779,106.203636,17.24796867,89.932503,14.60546017
12:41,105.306297,17.10223579,106.052612,17.22344208,97.884445,15.89689255
12:42,103.611801,16.82704163,105.894478,17.19775963,102.031975,16.57047081
12:43,102.859749,16.70490456,105.710976,17.16795731,95.482330,15.50677776
12:44,98.176079,15.94425488,105.182312,17.08209991,100.681778,16.35119247
12:45,100.546471,16.32921791,104.430901,16.96006775,106.756966,17.33783150
12:46,95.938965,15.58093739,103.941467,16.88058090,102.496574,16.64592361
12:47,99.689705,16.19007492,103.974854,16.88600349,103.598526,16.82488632
12:48,99.118523,16.09731293,103.686928,16.83924294,102.861015,16.70511055
12:49,102.450401,16.63842583,103.501495,16.80912781,112.578697,18.28330803
12:50,99.604027,16.17616081,103.262794,16.77036095,130.420715,21.18093491
12:51,156.426773,25.40444183,102.926445,16.71573639,124.333221,20.19229698
12:52,149.896301,24.34386253,102.442848,16.63719940,115.680573,18.78706741
12:53,173.124237,28.11618805,102.183014,16.59500122,122.457794,19.88772011
12:54,160.434555,26.05532265,104.033165,16.89547348,126.998360,20.62512970
12:55,94.501495,15.34748554,106.968864,17.37224579,119.180023,19.35539436
12:56,97.642982,15.85767746,109.095520,17.71762276,104.360893,16.94869804
12:57,93.854164,15.24235630,111.912834,18.17516899,105.419159,17.12056541
12:58,102.117210,16.58431435,116.396614,18.90335464,111.213470,18.06158829
12:59,94.482460,15.34439468,120.729874,19.60709763,103.955795,16.88290787
13:00,99.061409,16.08803749,121.746872,19.77226257,94.330849,15.31977177
13:01,102.498001,16.64615631,120.605728,19.58693504,95.345161,15.48450089
13:02,98.423592,15.98445225,118.357193,19.22176361,97.450577,15.82643032
13:03,97.642982,15.85767746,115.484283,18.75518799,93.749886,15.22542095
13:04,95.605782,15.52682686,112.305405,18.23892403,100.483704,16.31902504
13:05,96.376869,15.65205479,109.416183,17.76970100,105.968376,17.20976067
13:06,157.197876,25.52967262,106.795769,17.34413338,123.985657,20.13585091
13:07,158.492538,25.73993111,104.598953,16.98736000,106.389389,17.27813530
13:08,147.573517,23.96663094,102.956589,16.72063255,97.740044,15.87344074
13:09,94.215912,15.30110550,101.672729,16.51212692,96.591621,15.68693161
13:10,98.223679,15.95198536,102.051529,16.57364655,93.701645,15.21758652
13:11,96.414948,15.65823936,104.640556,16.99411583,91.669823,14.88760853
13:12,92.026390,14.94551659,105.504227,17.13438034,90.307808,14.66641140
13:13,100.308479,16.29056740,105.250481,17.09317207,84.102951,13.65871334
13:14,119.880867,19.46921539,104.906517,17.03730965,87.698578,14.24265957
13:15,123.098511,19.99177551,104.214027,16.92484665,88.753021,14.41390610
13:16,144.222595,23.42242622,102.751060,16.68725395,91.563553,14.87034988
13:17,139.567490,22.66641426,101.181099,16.43228531,102.323776,16.61786079
13:18,145.393509,23.61258698,99.390976,16.14155960,112.743607,18.31008911
13:19,166.717514,27.07570648,97.853424,15.89185429,102.577301,16.65903473
13:20,144.517700,23.47035217,97.203087,15.78623676,110.780762,17.99131393
13:21,145.926605,23.69916534,97.811882,15.88510799,107.368057,17.43707657
13:22,149.420319,24.26655960,99.249878,16.11864471,106.015236,17.21737099
13:23,144.717621,23.50281906,102.657036,16.67198372,113.385612,18.41435432
13:24,135.892914,22.06964684,105.523872,17.13757133,121.946976,19.80475998
13:25,141.347672,22.95552444,108.602745,17.63759422,102.576729,16.65894127
13:26,144.355865,23.44406891,109.605438,17.80043602,108.955482,17.69488144
13:27,155.074982,25.18490410,111.615997,18.12696075,95.959679,15.58430195
13:28,147.640152,23.97745323,115.243088,18.71601677,105.793694,17.18139076
13:29,142.899368,23.20752716,117.537865,19.08869934,99.809692,16.20956230
13:30,135.778671,22.05109215,118.377869,19.22512054,98.823929,16.04946899
13:31,139.767410,22.69888306,117.202789,19.03428268,108.442368,17.61154938
13:32,143.699020,23.33739471,115.511147,18.75955200,104.618340,16.99050903
13:33,131.761383,21.39866638,112.816391,18.32191086,96.757324,15.71384335
13:34,140.462341,22.81174278,109.775841,17.82811165,103.320717,16.77976799
13:35,102.669350,16.67398262,106.324974,17.26767349,111.975578,18.18535805
13:36,104.325768,16.94299316,104.384148,16.95247459,115.696045,18.78957939
13:37,114.692665,18.62662697,101.908966,16.55049324,105.148781,17.07665443
13:38,128.762695,20.91166496,100.231277,16.27802849,98.536018,16.00271034
13:39,145.345917,23.60485840,99.097809,16.09394836,108.270386,17.58361816
13:40,119.699997,19.43984032,99.021286,16.08152008,108.567993,17.63195038
13:41,141.861725,23.03900909,99.689583,16.19005585,107.304085,17.42668533
13:42,137.397018,22.31391907,100.692581,16.35294724,113.947113,18.50554466
13:43,128.153442,20.81271935,103.465935,16.80335236,113.110870,18.36973572
13:44,134.493515,21.84237671,105.814667,17.18479729,109.890297,17.84669876
13:45,140.300507,22.78545952,107.709145,17.49246979,108.854492,17.67848015
13:46,125.211868,20.33499336,109.300415,17.75090027,108.016571,17.54239655
13:47,119.585762,19.42128754,110.669884,17.97330856,108.357155,17.59770966
13:48,142.271072,23.10548973,111.128082,18.04772186,120.011284,19.49039459
13:49,115.159126,18.70238113,110.755775,17.98725700,120.314178,19.53958702
13:50,129.562347,21.04153252,110.908813,18.01211166,124.348587,20.19479370
13:51,128.467590,20.86373901,110.236130,17.90286446,113.809883,18.48325920
13:52,129.990723,21.11110306,110.669022,17.97316742,108.460228,17.61444855
13:53,128.124878,20.80808067,112.372910,18.24988747,120.174316,19.51687241
13:54,124.669250,20.24687004,114.351952,18.57129288,118.650238,19.26935387
13:55,121.965668,19.80779648,115.214951,18.71144867,112.608040,18.28807259
13:56,135.597794,22.02171707,115.911331,18.82454300,111.605492,18.12525558
13:57,127.068199,20.63647079,115.913223,18.82485008,119.604050,19.42425728
13:58,129.362427,21.00906372,115.577148,18.77027130,116.135391,18.86093140
13:59,112.883926,18.33287811,114.492981,18.59419632,109.068604,17.71325302
14:00,107.676682,17.48719788,113.326874,18.40481567,106.470367,17.29128647
14:01,133.151245,21.62438583,112.690331,18.30143738,109.261703,17.74461174
14:02,125.154747,20.32571793,112.623726,18.29062080,108.346779,17.59602547
14:03,124.431259,20.20821953,112.301743,18.23832893,108.278343,17.58490944
14:04,115.025848,18.68073654,110.312660,17.91529274,107.719574,17.49416351
14:05,128.657974,20.89465714,109.270569,17.74605179,106.640671,17.31894493
14:06,154.341980,25.06586075,107.412399,17.44427681,109.430969,17.77210236
14:07,120.775711,19.61454201,107.115913,17.39612579,100.054016,16.24924088
14:08,123.212746,20.01032639,106.316444,17.26628876,104.156067,16.91543388
14:09,136.340332,22.14230919,105.952927,17.20725250,109.385162,17.76466370
14:10,132.370636,21.49761200,106.944481,17.36828423,103.080101,16.74069214
14:11,118.862267,19.30378914,106.863251,17.35509300,94.403267,15.33153248
14:12,118.529076,19.24967766,106.410446,17.28155518,81.841827,13.29149628
14:13,94.149269,15.29028225,106.447571,17.28758430,86.039047,13.97314453
14:14,90.836433,14.75226212,106.200890,17.24752235,86.439140,14.03812122
14:15,78.337143,12.72231865,107.400558,17.44235420,78.757843,12.79064274
14:16,91.664642,14.88676739,105.927200,17.20307350,80.252495,13.03338146
14:17,89.789276,14.58219910,103.448471,16.80051613,75.345535,12.23646832
14:18,88.009102,14.29309082,99.905289,16.22508621,89.257202,14.49578762
14:19,91.940712,14.93160248,95.486099,15.50739002,82.878670,13.45988464
14:20,95.386826,15.49126720,91.229362,14.81607628,90.436234,14.68726826
14:21,86.057571,13.97615242,87.211533,14.16356182,86.175430,13.99529362
14:22,99.946732,16.23181725,83.834862,13.61517429,103.717316,16.84417725
14:23,91.293381,14.82647324,81.701637,13.26872921,91.757965,14.90192318
14:24,89.218094,14.48943615,80.252586,13.03339577,97.517128,15.83723831
14:25,87.866310,14.26990032,78.980232,12.82676029,93.318359,15.15533924
14:26,84.153648,13.66694641,78.768356,12.79234982,88.270874,14.33560371
14:27,93.968399,15.26090813,79.228836,12.86713409,98.528137,16.00143051
14:28,72.653915,11.79933643,78.983299,12.82725811,86.774590,14.09259987
14:29,75.595490,12.27706146,79.040024,12.83647060,84.056007,13.65108967
14:30,78.765526,12.79189014,78.734924,12.78692055,82.879433,13.46000862
14:31,80.164917,13.01915836,78.601189,12.76520157,89.205452,14.48738384
14:32,80.498100,13.07326889,77.860641,12.64493275,88.090881,14.30637169
14:33,75.728760,12.29870510,76.468262,12.41880417,84.567436,13.73414803
14:34,78.137230,12.68985271,75.870857,12.32178307,80.948334,13.14638901
14:35,93.349625,15.16041660,75.178078,12.20927238,84.618874,13.74250126
14:36,75.528847,12.26623821,75.068710,12.19151020,87.089020,14.14366531
14:37,72.739594,11.81325054,74.899750,12.16407013,81.935036,13.30663395
14:38,81.411987,13.22168827,74.356133,12.07578468,81.195312,13.18649960
14:39,93.149712,15.12794971,74.210579,12.05214596,86.820984,14.10013485
14:40,118.053093,19.17237473,73.876534,11.99789524,91.397118,14.84331989
14:41,107.524368,17.46246147,73.191826,11.88669586,99.468857,16.15420914
14:42,94.282547,15.31192780,72.362961,11.75208378,93.814072,15.23584461
14:43,86.543076,14.05500126,71.200462,11.56328869,91.918411,14.92798042
14:44,94.225426,15.30265045,72.640678,11.79718685,91.365829,14.83823872
14:45,95.596260,15.52528095,76.556511,12.43313599,93.375542,15.16462517
14:46,75.823959,12.31416607,80.489151,13.07181549,83.908096,13.62706852
14:47,97.300278,15.80202103,83.160988,13.50573444,79.600792,12.92754173
14:48,86.305084,14.01634979,85.368378,13.86422443,77.081978,12.51847458
14:49,80.279152,13.03771019,86.331703,14.02067280,84.300125,13.69073582
14:50,72.082741,11.70657444,85.981476,13.96379471,78.983330,12.82726288
14:51,85.096092,13.82000446,85.165657,13.83130169,79.332825,12.88402271
14:52,71.540115,11.61845016,84.013893,13.64424992,77.300583,12.55397701
14:53,78.537056,12.75478554,81.974602,13.31305981,78.031525,12.67268562
14:54,92.692764,15.05373955,79.878128,12.97258186,82.835579,13.45288658
14:55,79.231995,12.86764717,78.532021,12.75396824,84.706902,13.75679779
14:56,85.591110,13.90039730,76.582565,12.43736744,84.941010,13.79481792
14:57,88.247093,14.33174133,74.919319,12.16724873,82.557877,13.40778637
14:58,85.029457,13.80918217,74.491997,12.09784889,78.081459,12.68079472
14:59,86.076614,13.97924519,74.300636,12.06677151,81.220963,13.19066525
15:00,81.621422,13.25570107,73.728363,11.97383213,73.580040,11.94974327
15:01,78.556099,12.75787830,73.300766,11.90438747,69.544647,11.29437637
15:02,84.839058,13.77826023,72.934990,11.84498405,71.604576,11.62891865
15:03,81.269196,13.19849777,72.904175,11.83997917,72.011047,11.69493198
15:04,74.957672,12.17347717,72.636826,11.79656124,70.131577,11.38969707
15:05,75.119507,12.19975948,71.751923,11.65284824,68.868378,11.18454742
15:06,79.641335,12.93412590,71.099342,11.54686642,68.114273,11.06207752
15:07,83.420631,13.54790115,70.183220,11.39808369,70.217636,11.40367317
15:08,76.947273,12.49659824,69.072403,11.21768188,71.835129,11.66636181
15:09,75.214699,12.21521950,67.724960,10.99885082,70.280258,11.41384315
15:10,78.080116,12.68057632,66.585953,10.81387043,65.404869,10.62205696
15:11,74.453133,12.09153748,65.691330,10.66858006,64.589981,10.48971558
15:12,81.878448,13.29744339,64.931053,10.54510689,65.121376,10.57601643
15:13,85.876701,13.94677830,63.798180,10.36112309,68.353378,11.10090923
15:14,79.831726,12.96504688,62.806644,10.20009327,67.603691,10.97915649
15:15,77.071030,12.51669598,61.908039,10.05415535,67.370270,10.94124794
15:16,75.938194,12.33271885,61.209454,9.94070244,66.395248,10.78289986
15:17,81.240639,13.19386005,61.096657,9.92238331,65.273804,10.60077190
15:18,79.117752,12.84909344,61.309685,9.95697975,63.305130,10.28104973
15:19,76.547455,12.43166542,61.384377,9.96911049,63.885029,10.37522793
15:20,72.539680,11.78078365,61.192642,9.93797207,60.237396,9.78283501
15:21,71.939941,11.68338394,60.882442,9.88759422,60.560829,9.83536243
15:22,71.178375,11.55970192,60.116413,9.76318741,61.395954,9.97099113
15:23,75.462212,12.25541687,59.539837,9.66954899,62.205276,10.10242844
15:24,84.934258,13.79372120,58.886547,9.56345081,62.238579,10.10783672
15:25,81.088326,13.16912365,58.178772,9.44850540,60.882534,9.88760853
15:26,71.340210,11.58598423,57.410378,9.32371426,61.437111,9.97767448
15:27,60.563972,9.83587265,56.688728,9.20651531,60.633224,9.84711933
15:28,68.122566,11.06342411,56.317837,9.14628029,61.972557,10.06463337
15:29,69.931297,11.35717010,55.763077,9.05618477,62.981987,10.22856998
15:30,87.209450,14.16322327,55.455437,9.00622272,64.942642,10.54698944
15:31,90.265259,14.65950108,55.137821,8.95464039,62.535057,10.15598679
15:32,76.242821,12.38219166,54.844795,8.90705204,60.527657,9.82997513
15:33,58.126942,9.44008732,54.869423,8.91105175,60.266842,9.78761768
15:34,64.733574,10.51303577,54.759090,8.89313316,59.559639,9.67276478
15:35,77.109108,12.52288055,54.679646,8.88023090,61.993370,10.06801414
15:36,82.668579,13.42576504,54.335335,8.82431316,61.654671,10.01300716
15:37,83.791901,13.60819721,53.750057,8.72926140,62.244553,10.10880661
15:38,67.218201,10.91655064,53.194290,8.63900185,62.138687,10.09161377
15:39,50.149483,8.14451122,52.885979,8.58893108,61.207275,9.94034863
15:40,62.077595,10.08169270,52.677265,8.55503464,62.131859,10.09050465
15:41,74.881516,12.16110897,52.360294,8.50355721,60.497501,9.82507801
15:42,73.206055,11.88900661,52.166069,8.47201443,59.531715,9.66822910
15:43,58.298298,9.46791649,51.829208,8.41730595,59.898972,9.72787380
15:44,67.199165,10.91345978,51.527287,8.36827278,60.175770,9.77282715
15:45,64.838287,10.53004169,51.208759,8.31654263,59.381248,9.64379311
15:46,52.243801,8.48463821,50.745811,8.24135780,58.582047,9.51399899
15:47,59.945194,9.73538017,50.451977,8.19363785,58.344688,9.47545052
15:48,65.066765,10.56714725,50.457558,8.19454384,58.891472,9.56425095
15:49,70.397758,11.43292618,50.359123,8.17855740,60.636520,9.84765530
15:50,63.391304,10.29504490,49.975689,8.11628628,61.362587,9.96557140
15:51,62.953400,10.22392750,49.517925,8.04194355,60.487869,9.82351303
15:52,48.645378,7.90023756,49.365765,8.01723194,59.265572,9.62500668
15:53,45.646690,7.41323662,49.676353,8.06767273,58.952591,9.57417679
15:54,47.341187,7.68843031,50.159935,8.14620876,59.311600,9.63248158
15:55,59.650085,9.68745327,50.161381,8.14644337,59.246799,9.62195778
15:56,59.612007,9.68126965,49.843563,8.09482861,59.527725,9.66758156
15:57,57.289211,9.30403614,49.284428,8.00402164,58.421158,9.48787022
15:58,52.453236,8.51865101,48.597427,7.89244986,58.490425,9.49911880
15:59,57.051224,9.26538563,48.124641,7.81566715,58.574970,9.51284981
16:00,39.725471,6.45160294,48.004250,7.79611492,56.934467,9.24642467
16:01,48.607300,7.89405346,48.086372,7.80945206,58.316010,9.47079277
16:02,65.333313,10.61043644,48.133041,7.81703138,59.098862,9.59793186
16:03,54.090614,8.78456879,47.942558,7.78609610,59.332748,9.63591671
16:04,51.063366,8.29292965,47.426903,7.70235109,59.406925,9.64796257
16:05,47.921883,7.78273821,46.871845,7.61220741,58.849525,9.55743885
16:06,49.882931,8.10122204,46.649441,7.57608795,58.252983,9.46055698
16:07,46.322582,7.52300453,46.651703,7.57645512,58.532928,9.50602150
16:08,53.728867,8.72581959,46.696583,7.58374405,58.379333,9.48107719
16:09,45.979877,7.46734762,46.648270,7.57589769,58.382610,9.48160934
16:10,51.444153,8.35477161,46.631012,7.57309484,57.388222,9.32011604
16:11,53.890701,8.75210285,46.573387,7.56373644,58.545708,9.50809765
16:12,43.009747,6.98498440,46.368439,7.53045177,58.868637,9.56054211
16:13,42.590885,6.91695929,46.289543,7.51763868,58.888046,9.56369495
16:14,47.541100,7.72089720,46.515476,7.55433130,57.170883,9.28481960
16:15,46.541534,7.55856323,46.993580,7.63197756,57.546532,9.34582615
16:16,52.481792,8.52328873,47.169670,7.66057539,58.316586,9.47088718
16:17,58.802837,9.54985619,47.191170,7.66406727,59.314449,9.63294411
16:18,53.033932,8.61295891,47.031361,7.63811350,58.407921,9.48571968
16:19,44.180664,7.17514706,46.504547,7.55255651,59.745361,9.70292664
16:20,60.906677,9.89153004,46.392960,7.53443384,58.429054,9.48915195
16:21,51.948692,8.43671131,46.811062,7.60233593,57.793579,9.38594818
16:22,48.750092,7.91724348,47.164375,7.65971565,57.782574,9.38416100
16:23,47.112717,7.65132618,47.238010,7.67167425,58.133045,9.44107914
16:24,49.330791,8.01155186,47.732525,7.75198555,56.405212,9.16047096
16:25,40.087219,6.51035213,48.271286,7.83948326,54.893932,8.91503143
16:26,46.665291,7.57866192,48.640835,7.89949942,56.053570,9.10336208
16:27,47.217430,7.66833210,49.035946,7.96366739,56.104630,9.11165428
16:28,43.628525,7.08547688,49.051247,7.96615219,56.623489,9.19591999
16:29,42.086342,6.83501911,48.694736,7.90825319,58.128952,9.44041443
16:30,50.396992,8.18470764,48.239826,7.83437395,56.427025,9.16401291
16:31,46.703369,7.58484602,47.954834,7.78808975,56.868088,9.23564434
16:32,52.243801,8.48463821,48.027523,7.79989481,57.952751,9.41179848
16:33,50.006687,8.12132072,48.150078,7.81979847,57.260483,9.29937077
16:34,57.708076,9.37206173,48.232445,7.83317518,58.139511,9.44212914
16:35,54.557076,8.86032486,48.297642,7.84376335,59.404350,9.64754486
16:36,51.396553,8.34704113,48.688187,7.90718985,59.813965,9.71406841
16:37,50.339874,8.17543125,48.863392,7.93564367,59.135979,9.60396004
16:38,39.915863,6.48252344,49.365253,8.01714897,57.124634,9.27730846
16:39,52.291401,8.49236870,49.968227,8.11507416,57.621414,9.35798740
16:40,47.569656,7.72553492,50.721951,8.23748207,57.536255,9.34415722
16:41,46.969921,7.62813520,51.193424,8.31405163,58.453911,9.49318886
16:42,51.891575,8.42743492,51.133827,8.30437279,59.566620,9.67389774
16:43,36.431675,5.91667461,50.856316,8.25930405,60.161556,9.77051830
16:44,43.085907,6.99735308,50.484623,8.19893932,59.272049,9.62605858
16:45,73.272697,11.89982986,50.241528,8.15945911,58.652199,9.52539158
16:46,38.821106,6.30472946,50.707375,8.23511505,58.574066,9.51270294
16:47,74.272255,12.06216240,51.012222,8.28462410,60.302002,9.79332733
16:48,56.194454,9.12624264,51.031742,8.28779411,62.411953,10.13599396
16:49,49.502144,8.03938007,51.295525,8.33063316,60.666237,9.85248089
16:50,50.282757,8.16615582,51.336273,8.33725166,54.870842,8.91128159
16:51,52.814980,8.57740021,52.061428,8.45501995,54.110294,8.78776550
16:52,42.857433,6.96024799,53.888340,8.75171852,53.310867,8.65793514
16:53,46.446339,7.54310322,55.395485,8.99648666,54.464325,8.84526157
16:54,37.935780,6.16094828,56.114326,9.11322975,56.870846,9.23609161
16:55,41.610359,6.75771713,55.852516,9.07071018,57.446335,9.32955360
16:56,31.748011,5.15602589,54.871964,8.91146374,56.244652,9.13439465
16:57,37.317001,6.06045580,53.616791,8.70761776,54.590309,8.86572170
16:58,34.718140,5.63838863,52.296898,8.49326134,53.564980,8.69920349
16:59,37.107571,6.02644348,51.554146,8.37263489,52.858017,8.58438969
17:00,32.747574,5.31835938,50.347481,8.17666721,50.621952,8.22124195
17:01,41.543724,6.74689531,48.796970,7.92485666,51.034992,8.28832150
17:02,41.610359,6.75771713,47.133369,7.65468025,50.728493,8.23854542
17:03,36.802940,5.97697020,45.584259,7.40309715,50.087650,8.13446903
17:04,32.661896,5.30444479,44.181522,7.17528629,51.173351,8.31079197
17:05,32.119274,5.21632051,42.815868,6.95349789,49.661556,8.06526947
17:06,31.548098,5.12355900,42.111565,6.83911562,49.503620,8.03961945
17:07,34.908531,5.66930914,41.816399,6.79117918,48.436146,7.86625719
17:08,36.288879,5.89348412,41.589050,6.75425673,48.824657,7.92935324
17:09,24.227491,3.93465805,41.327206,6.71173191,50.208424,8.15408325
17:10,27.873516,4.52678967,40.836903,6.63210440,47.461338,7.70794392
17:11,24.351248,3.95475674,40.435360,6.56689215,47.706181,7.74770737
17:12,30.691330,4.98441601,40.021107,6.49961519,48.130791,7.81666613
17:13,22.847143,3.71048307,39.806053,6.46468973,46.274132,7.51513577
17:14,32.052639,5.20549870,39.651100,6.43952465,44.615288,7.24573183
17:15,31.338667,5.08954620,39.500546,6.41507387,43.652420,7.08935738
17:16,37.812023,6.14084959,39.265934,6.37697172,43.589783,7.07918501
17:17,29.482334,4.78806925,38.957775,6.32692528,44.708710,7.26090384
17:18,30.681810,4.98286963,38.525887,6.25678444,46.433224,7.54097319
17:19,32.490543,5.27661657,38.178905,6.20043325,47.643723,7.73756361
17:20,30.129671,4.89319992,38.010399,6.17306709,47.399853,7.69795799
17:21,25.921989,4.20985270,37.925110,6.15921545,47.129124,7.65399075
17:22,29.463297,4.78497744,37.884834,6.15267467,47.597885,7.73011971
17:23,35.708183,5.79917622,37.874641,6.15101910,47.838043,7.76912260
17:24,33.880409,5.50233746,37.990959,6.16990995,48.310360,7.84582901
17:25,28.149586,4.57162476,37.958206,6.16459036,47.847729,7.77069521
17:26,34.194557,5.55335617,38.007317,6.17256641,47.574547,7.72632933
17:27,36.536392,5.93368149,38.060745,6.18124342,47.810459,7.76464272
17:28,35.993771,5.84555721,37.907097,6.15629005,47.800262,7.76298666
17:29,25.845833,4.19748449,37.839764,6.14535475,47.384361,7.69544220
17:30,40.782150,6.62321234,37.734707,6.12829304,47.759609,7.75638437
17:31,34.775257,5.64766455,37.783970,6.13629389,48.671768,7.90452337
17:32,32.433426,5.26734018,38.096859,6.18710852,48.443771,7.86749554
17:33,25.255613,4.10162973,38.419579,6.23951960,46.954166,7.62557650
17:34,23.637274,3.83880401,38.695805,6.28437996,47.288376,7.67985392
17:35,24.979544,4.05679512,38.838524,6.30755806,46.636963,7.57406139
17:36,34.870453,5.66312504,39.034603,6.33940268,46.343288,7.52636719
17:37,28.825480,4.68139315,39.004875,6.33457470,45.984848,7.46815491
17:38,47.683891,7.74408722,38.821011,6.30471420,46.323479,7.52314997
17:39,49.226074,7.99454498,38.615982,6.27141666,46.745430,7.59167671
17:40,31.957441,5.19003820,38.384998,6.23390341,47.389851,7.69633389
17:41,35.841457,5.82082081,38.249630,6.21191931,46.722691,7.58798409
17:42,35.660583,5.79144573,38.120533,6.19095325,45.851761,7.44654083
17:43,43.971233,7.14113426,38.645737,6.27624893,44.372829,7.20635557
17:44,42.619442,6.92159700,39.292713,6.38132095,43.160606,7.00948477
17:45,26.826355,4.35672569,39.830708,6.46869373,42.885635,6.96482801
17:46,27.530807,4.47113228,40.589123,6.59186363,42.650867,6.92670059
17:47,33.728096,5.47760105,41.261925,6.70112991,43.700760,7.09720802
17:48,29.491856,4.78961563,41.847755,6.79627180,45.541744,7.39619255
17:49,34.622944,5.62292814,41.906746,6.80585194,45.039848,7.31468248
17:50,31.871765,5.17612410,41.570122,6.75118256,44.577534,7.23960018
17:51,26.921551,4.37218618,41.195011,6.69026279,44.983334,7.30550432
17:52,33.071239,5.37092447,40.934216,6.64790821,45.752827,7.43047333
17:53,39.401806,6.39903784,40.666199,6.60438108,45.717018,7.42465782
17:54,41.067741,6.66959381,40.188545,6.52680826,45.475716,7.38546944
17:55,29.120588,4.72932005,39.626095,6.43546343,45.164558,7.33493614
17:56,31.490980,5.11428261,39.108692,6.35143471,44.144123,7.16921234
17:57,26.759718,4.34590340,38.699936,6.28505087,43.087414,6.99759769
17:58,30.424780,4.94112682,38.438381,6.24257326,42.715435,6.93718672
17:59,36.717262,5.96305561,38.304005,6.22074986,42.854137,6.95971251
18:00,25.683998,4.17120171,38.296276,6.21949482,44.594383,7.24233675
18:01,33.823292,5.49306107,38.235905,6.20969009,45.562557,7.39957285
18:02,32.976044,5.35546398,38.112137,6.18958950,45.456036,7.38227320
18:03,34.442070,5.59355354,38.146248,6.19512939,44.494659,7.22614098
18:04,33.337791,5.41421366,38.245747,6.21128845,43.751301,7.10541630
18:05,25.731596,4.17893171,38.253685,6.21257782,42.946411,6.97469854
18:06,37.535954,6.09601498,38.471737,6.24799013,43.346321,7.03964567
18:07,43.771320,7.10866737,38.592381,6.26758337,42.816975,6.95367718
18:08,25.950548,4.21449041,38.634808,6.27447367,42.979225,6.98002768
18:09,33.471066,5.43585777,38.900482,6.31762075,42.955559,6.97618389
18:10,36.079449,5.85947132,39.268173,6.37733555,44.575985,7.23934889
18:11,32.290630,5.24414968,39.773350,6.45937824,45.431519,7.37829161
18:12,26.436049,4.29333830,40.056553,6.50537205,44.535191,7.23272371
18:13,37.612110,6.10838318,40.263107,6.53891754,43.825653,7.11749125
18:14,46.436821,7.54155731,40.549606,6.58544588,43.616215,7.08347750
18:15,30.310543,4.92257404,40.894142,6.64140034,41.675346,6.76827145
18:16,35.346436,5.74042654,41.037331,6.66465473,41.767090,6.78317118
18:17,44.304420,7.19524574,41.061375,6.66855955,42.281021,6.86663580
18:18,34.308792,5.57190847,41.273567,6.70302057,41.809307,6.79002762
18:19,40.591759,6.59229183,41.145164,6.68216753,41.968193,6.81583118
18:20,38.821106,6.30472946,40.756809,6.61909676,41.156219,6.68396282
18:21,34.499187,5.60282993,40.439907,6.56763029,41.393570,6.72250986
18:22,37.374119,6.06973219,40.020252,6.49947643,41.542770,6.74674082
18:23,32.671417,5.30599117,39.622887,6.43494225,42.500443,6.90227079
18:24,32.033600,5.20240688,39.319618,6.38569021,42.214352,6.85580873
18:25,30.367662,4.93185091,39.354191,6.39130497,42.336487,6.87564373
18:26,49.235596,7.99609137,39.695110,6.44667196,42.380131,6.88273191
18:27,49.692539,8.07030106,40.251888,6.53709507,41.910606,6.80647898
18:28,39.040058,6.34028816,40.555729,6.58644056,42.826481,6.95522118
18:29,35.394035,5.74815702,40.745049,6.61718702,42.516403,6.90486336
18:30,29.996395,4.87155533,41.050911,6.66686010,39.653061,6.43984270
18:31,40.087219,6.51035213,41.540211,6.74632502,39.734898,6.45313358
18:32,40.943985,6.64949512,42.233215,6.85887194,40.744312,6.61706734
18:33,47.979004,7.79201508,42.773899,6.94668150,40.907146,6.64351225
18:34,31.062595,5.04471111,43.045963,6.99086618,40.293472,6.54384851
18:35,36.146088,5.87029409,43.037945,6.98956394,42.237110,6.85950470
18:36,20.143564,3.27140927,43.139004,7.00597620,44.032623,7.15110445
18:37,26.588364,4.31807470,43.335014,7.03780937,44.121365,7.16551638
18:38,56.984585,9.25456333,43.309448,7.03365755,44.084187,7.15947866
18:39,59.811920,9.71373653,42.948009,6.97495794,44.247711,7.18603563
18:40,46.008434,7.47198534,43.047657,6.99114132,48.730400,7.91404533
18:41,49.683018,8.06875515,43.456589,7.05755377,47.282440,7.67888975
18:42,48.093239,7.81056738,44.087677,7.16004515,47.786194,7.76070166
18:43,61.811043,10.03840256,45.406761,7.37427092,48.381618,7.85740137
18:44,39.249489,6.37430096,47.052212,7.64149952,47.691994,7.74540329
18:45,41.372372,6.71906710,48.542675,7.88355780,46.068756,7.48178196
18:46,32.623817,5.29826069,49.860416,8.09756565,45.395687,7.37247229
18:47,45.418217,7.37613106,50.952892,8.27498817,45.382111,7.37026739
18:48,42.381451,6.88294601,51.611710,8.38198376,45.164078,7.33485794
18:49,34.204079,5.55490255,51.657356,8.38939667,46.018269,7.47358227
18:50,41.543724,6.74689531,51.075470,8.29489613,45.210331,7.34236956
18:51,48.759613,7.91878986,50.177292,8.14902687,46.295116,7.51854372
18:52,29.206266,4.74323463,49.735256,8.07723904,45.091545,7.32307816
18:53,28.149586,4.57162476,49.416206,8.02542305,45.394482,7.37227678
18:54,27.921114,4.53451967,48.918495,7.94459295,45.491497,7.38803244
18:55,39.811150,6.46551704,48.920525,7.94492245,47.277233,7.67804432
18:56,35.831936,5.81927443,48.376057,7.85649824,49.308559,8.00794125
18:57,38.925819,6.32173538,47.861206,7.77288437,49.315941,8.00914001
18:58,38.354645,6.22897387,47.673344,7.74237442,50.025463,8.12436962
18:59,30.177269,4.90092993,48.266277,7.83866978,49.810112,8.08939552
19:00,31.852726,5.17303181,49.710854,8.07327557,50.937172,8.27243519
19:01,28.587488,4.64274216,51.463997,8.35799408,48.347115,7.85179806
19:02,25.531683,4.14646482,52.876938,8.58746243,50.251934,8.16114998
19:03,32.823730,5.33072758,53.796219,8.73675823,48.876743,7.93781233
19:04,29.748884,4.83135843,55.028008,8.93680668,46.780434,7.59736156
19:05,29.587051,4.80507565,56.116692,9.11361408,45.651058,7.41394567
19:06,30.320065,4.92412043,57.609154,9.35599613,46.246445,7.51063919
19:07,27.768799,4.50978327,58.958687,9.57516670,46.774132,7.59633827
19:08,27.188101,4.41547489,58.612251,9.51890469,48.266132,7.83864594
19:09,31.757530,5.15757179,56.640083,9.19861507,49.498726,8.03882504
19:10,31.138754,5.05707979,53.917721,8.75649071,39.475014,6.41092730
19:11,25.522163,4.14491892,50.975033,8.27858448,40.001648,6.49645519
19:12,20.667147,3.35644150,48.229168,7.83264303,39.947803,6.48771048
19:13,28.235262,4.58553886,45.793049,7.43700552,39.241158,6.37294769
19:14,28.397097,4.61182165,43.612854,7.08293200,39.850792,6.47195530
19:15,29.101549,4.72622776,41.542461,6.74669027,42.101971,6.83755732
19:16,28.501812,4.62882805,39.804821,6.46448946,42.077682,6.83361292
19:17,24.179893,3.92692804,38.303932,6.22073793,42.536976,6.90820408
19:18,22.380680,3.63472724,36.927711,5.99723339,42.718098,6.93761921
19:19,24.446444,3.97021699,35.711514,5.79971695,42.523727,6.90605259
19:20,18.915531,3.07197094,34.764622,5.64593744,38.309784,6.22168827
19:21,25.150898,4.08462381,34.025803,5.52594995,38.278622,6.21662760
19:22,23.066095,3.74604201,33.370640,5.41954851,38.685085,6.28263903
19:23,21.114569,3.42910480,32.718189,5.31358719,38.149273,6.19562054
19:24,25.360331,4.11863661,31.998329,5.19667864,38.078556,6.18413591
19:25,25.455526,4.13409662,31.376366,5.09566879,38.970364,6.32896948
19:26,27.664083,4.49277687,30.968246,5.02938843,39.530151,6.41988182
19:27,21.362080,3.46930194,30.551903,4.96177197,39.706192,6.44847155
19:28,21.647669,3.51568294,30.186268,4.90239143,39.462097,6.40882969
19:29,26.236137,4.26087189,29.942448,4.86279392,38.971069,6.32908440
19:30,21.143127,3.43374300,29.664066,4.81758356,39.709843,6.44906473
19:31,24.398846,3.96248698,29.463863,4.78506947,39.726311,6.45173883
19:32,23.008978,3.73676586,29.408463,4.77607203,40.220085,6.53193045
19:33,22.751947,3.69502282,29.472958,4.78654623,40.929585,6.64715624
19:34,21.333521,3.46466374,29.495731,4.79024506,41.782684,6.78570366
19:35,18.572824,3.01631379,29.589569,4.80548477,41.783337,6.78580952
19:36,24.846270,4.03515053,29.662159,4.81727362,41.006763,6.65969038
19:37,19.819897,3.21884418,29.637856,4.81332684,39.777885,6.46011496
19:38,21.923738,3.56051779,29.533035,4.79630327,38.900509,6.31762505
19:39,20.733784,3.36726356,29.284367,4.75591850,38.508385,6.25394201
19:40,21.485834,3.48940015,29.167175,4.73688602,40.262775,6.53886318
19:41,23.408804,3.80169940,29.028149,4.71430731,40.801899,6.62641954
19:42,23.304087,3.78469300,28.860786,4.68712711,41.112446,6.67685366
19:43,23.332645,3.78933096,28.668209,4.65585136,41.072060,6.67029476
19:44,23.532558,3.82179785,28.466015,4.62301397,40.700123,6.60989046
19:45,22.390202,3.63627362,28.460037,4.62204361,39.751377,6.45581007
19:46,23.837187,3.87127090,28.582443,4.64192295,38.632317,6.27406931
19:47,24.884348,4.04133463,28.746353,4.66854239,38.269581,6.21515942
19:48,22.228367,3.60999084,28.903961,4.69413853,38.335213,6.22581816
19:49,21.942778,3.56360984,29.006378,4.71077156,38.216866,6.20659828
19:50,17.773174,2.88644671,28.994392,4.70882511,36.017212,5.84936380
19:51,22.609154,3.67183256,29.054966,4.71866274,36.742680,5.96718311
19:52,20.610027,3.34716511,29.077988,4.72240162,37.299648,6.05763769
19:53,19.658064,3.19256163,29.049759,4.71781683,37.432854,6.07927084
19:54,20.762342,3.37190175,28.901375,4.69371891,37.001114,6.00915432
19:55,23.456402,3.80942965,28.769138,4.67224312,36.563782,5.93812943
19:56,22.542515,3.66101003,28.529411,4.63331032,37.035194,6.01468897
19:57,20.257801,3.28996181,28.290596,4.59452534,37.503857,6.09080219
19:58,18.315794,2.97457075,28.069248,4.55857754,37.948986,6.16309309
19:59,24.084698,3.91146779,27.880203,4.52787542,37.163383,6.03550768
20:00,21.999895,3.57288599,27.822880,4.51856613,37.318150,6.06064224
20:01,22.732908,3.69193077,27.756557,4.50779486,35.111801,5.70232105
20:02,21.485834,3.48940015,27.633339,4.48778391,34.580677,5.61606407
20:03,22.104612,3.58989263,27.556648,4.47532892,35.065033,5.69472551
20:04,22.237886,3.61153698,27.516216,4.46876240,35.918018,5.83325434
20:05,20.667147,3.35644150,27.443081,4.45688486,36.771172,5.97181082
20:06,19.648544,3.19101572,27.420815,4.45326900,35.866909,5.82495403
20:07,25.503124,4.14182711,27.433922,4.45539761,33.686081,5.47077751
20:08,20.610027,3.34716511,27.424740,4.45390606,32.826511,5.33117914
20:09,22.828106,3.70739126,27.339737,4.44010162,33.714447,5.47538424
20:10,21.019373,3.41364455,27.173111,4.41304064,35.417709,5.75200176
20:11,22.361643,3.63163567,27.098927,4.40099287,36.592293,5.94275999
20:12,23.542078,3.82334375,27.047520,4.39264393,37.081131,6.02214956
20:13,20.809940,3.37963176,27.023678,4.38877201,37.389320,6.07220078
20:14,23.008978,3.73676586,27.165558,4.41181374,36.724537,5.96423674
20:15,20.314919,3.29923797,27.416725,4.45260477,36.798878,5.97631025
20:16,23.113693,3.75377202,27.662521,4.49252319,37.968548,6.16627026
20:17,21.276403,3.45538759,27.804745,4.51562071,38.933109,6.32291937
20:18,22.532995,3.65946412,27.879639,4.52778387,39.560272,6.42477369
20:19,21.866621,3.55124164,27.914940,4.53351688,39.672558,6.44300938
20:20,22.866182,3.71357512,27.916615,4.53378916,37.735809,6.12847233
20:21,21.076490,3.42292070,27.997662,4.54695129,37.102489,6.02561808
20:22,18.753696,3.04568815,28.467140,4.62319708,35.797817,5.81373310
20:23,20.153086,3.27295566,28.896996,4.69300747,36.652023,5.95246029
20:24,23.875265,3.87745500,29.260681,4.75207186,37.516598,6.09287119
20:25,25.246094,4.10008383,29.477222,4.78723907,37.032513,6.01425362
20:26,18.668020,3.03177404,29.416161,4.77732229,36.900883,5.99287605
20:27,22.333082,3.62699723,29.189941,4.74058342,37.430321,6.07885933
20:28,22.504436,3.65482593,29.012711,4.71180010,36.054409,5.85540485
20:29,21.904699,3.55742574,28.845989,4.68472385,35.273186,5.72853088
20:30,20.019810,3.25131083,28.559978,4.63827419,34.736336,5.64134359
20:31,24.455963,3.97176313,28.365257,4.60665083,34.199657,5.55418444
20:32,21.352560,3.46775579,28.260551,4.58964586,33.273590,5.40378714
20:33,18.182520,2.95292640,28.143135,4.57057714,33.291157,5.40664005
20:34,26.217098,4.25777960,28.024891,4.55137348,32.828300,5.33147001
20:35,22.913780,3.72130537,28.035923,4.55316544,31.716587,5.15092230
20:36,20.333958,3.30233002,28.024464,4.55130434,32.187271,5.22736359
20:37,30.072554,4.88392353,27.822136,4.51844549,31.891808,5.17937899
20:38,20.962255,3.40436864,27.721584,4.50211525,31.107746,5.05204391
20:39,20.543390,3.33634281,27.669823,4.49370909,31.813858,5.16671944
20:40,22.247406,3.61308289,27.574360,4.47820520,32.891689,5.34176445
20:41,24.322689,3.95011878,27.834835,4.52050781,32.730091,5.31552029
20:42,24.551161,3.98722363,28.098766,4.56337118,32.199314,5.22931957
20:43,19.077366,3.09825373,28.208652,4.58121729,32.050705,5.20518446
20:44,21.771423,3.53578115,28.507374,4.62973118,30.746704,4.99340868
20:45,21.247845,3.45074964,28.899773,4.69345856,28.886238,4.69126034
20:46,25.227055,4.09699202,29.263309,4.75249863,29.451797,4.78311014
20:47,22.066532,3.58370829,29.409389,4.77622271,30.955463,5.02731228
20:48,27.121464,4.40465260,29.348598,4.76634979,33.590462,5.45524836
20:49,23.932383,3.88673115,29.357338,4.76776934,35.256493,5.72581959
20:50,25.960068,4.21603680,29.763664,4.83375835,33.843079,5.49627447
20:51,25.027142,4.06452513,30.671795,4.98124313,33.459515,5.43398190
20:52,35.784340,5.81154442,32.315674,5.24821711,32.522789,5.28185320
20:53,30.186789,4.90247583,33.797413,5.48885822,32.770950,5.32215595
20:54,37.164688,6.03571939,34.616402,5.62186575,34.950836,5.67617941
20:55,29.406178,4.77570105,35.233982,5.72216368,34.494522,5.60207224
20:56,38.744949,6.29236126,35.842113,5.82092714,33.315746,5.41063309
20:57,28.006790,4.54843378,36.417969,5.91444874,34.335007,5.57616615
20:58,32.604778,5.29516888,36.916134,5.99535322,34.115032,5.54044104
20:59,35.374992,5.74506474,37.666748,6.11725616,33.952526,5.51404953
21:00,42.648003,6.92623568,38.145851,6.19506502,33.222633,5.39551115
21:01,25.112820,4.07843971,38.499123,6.25243807,32.928932,5.34781313
21:02,30.815084,5.00451422,38.947628,6.32527733,31.099361,5.05068207
21:03,32.147835,5.22095919,39.420811,6.40212440,30.801987,5.00238705
21:04,48.017082,7.79819918,39.758045,6.45689297,30.518631,4.95636892
21:05,36.384075,5.90894413,40.063419,6.50648689,29.300549,4.75854635
21:06,36.136566,5.86874771,39.978432,6.49268484,29.429222,4.77944374
21:07,26.969149,4.37991619,39.798374,6.46344233,31.320488,5.08659410
21:08,61.468338,9.98274612,39.973427,6.49187183,32.042561,5.20386219
21:09,25.150898,4.08462381,40.529057,6.58210850,32.363754,5.25602531
21:10,33.594822,5.45595646,41.275284,6.70329952,27.858631,4.52437210
21:11,27.502249,4.46649408,42.151768,6.84564447,27.984406,4.54479837
21:12,38.497437,6.25216389,43.724960,7.10113859,27.860855,4.52473354
21:13,25.998146,4.22222090,44.740604,7.26608372,28.632801,4.65010118
21:14,24.646357,4.00268364,45.412231,7.37515926,28.989212,4.70798397
21:15,27.730721,4.50359917,45.036671,7.31416655,29.350883,4.76672125
21:16,22.390202,3.63627362,44.260693,7.18814373,28.300411,4.59611940
21:17,24.436924,3.96867108,43.500759,7.06472731,29.487133,4.78884840
21:18,31.824167,5.16839409,42.774643,6.94680262,28.852787,4.68582773
21:19,36.193684,5.87802362,41.801426,6.78874731,31.690334,5.14665890
21:20,35.889053,5.82855034,40.836418,6.63202572,24.987270,4.05804968
21:21,21.790462,3.53887320,39.863071,6.47394943,27.258873,4.42696857
21:22,25.369848,4.12018204,39.282009,6.37958241,25.880444,4.20310545
21:23,22.237886,3.61153698,39.172375,6.36177731,27.523548,4.46995306
21:24,27.911594,4.53297377,39.818512,6.46671295,26.879364,4.36533451
21:25,22.723389,3.69038486,40.323021,6.54864740,26.778217,4.34890795
21:26,26.493168,4.30261469,40.422173,6.56475019,26.191071,4.25355244
21:27,30.348623,4.92875862,40.340374,6.55146599,26.653923,4.32872200
21:28,33.547222,5.44822598,40.014702,6.49857521,27.534069,4.47166204
21:29,29.748884,4.83135843,39.672394,6.44298267,28.519306,4.63166904
21:30,39.868267,6.47479343,39.705860,6.44841766,24.707672,4.01264191
21:31,28.016310,4.54998016,39.650173,6.43937397,26.127335,4.24320173
21:32,28.682686,4.65820265,39.634605,6.43684578,26.047874,4.23029709
21:33,24.065659,3.90837574,39.546329,6.42250919,26.199112,4.25485849
21:34,20.514832,3.33170485,39.387577,6.39672709,26.221706,4.25852823
21:35,24.960505,4.05370283,39.244781,6.37353659,25.953758,4.21501207
21:36,20.352997,3.30542207,39.087906,6.34805918,24.607121,3.99631166
21:37,21.352560,3.46775579,38.711185,6.28687811,24.414391,3.96501136
21:38,27.492729,4.46494818,38.427845,6.24086189,24.469761,3.97400379
21:39,33.318752,5.41112137,38.136475,6.19354200,25.320385,4.11214924
21:40,30.453339,4.94576502,37.864704,6.14940548,29.935555,4.86167431
21:41,22.647230,3.67801642,37.409935,6.07554865,27.403912,4.45052385
21:42,27.311857,4.43557358,36.767464,5.97120857,24.580021,3.99191070
21:43,25.169937,4.08771563,36.153427,5.87148619,22.994568,3.73442554
21:44,22.961380,3.72903562,35.764404,5.80830669,22.350182,3.62977433
21:45,20.495792,3.32861280,35.321430,5.73636580,24.057701,3.90708351
21:46,23.542078,3.82334375,34.993000,5.68302727,24.542709,3.98585105
21:47,21.114569,3.42910480,34.590313,5.61762905,25.003246,4.06064415
21:48,25.807753,4.19129992,34.171169,5.54955816,24.432293,3.96791887
21:49,28.939716,4.69994545,33.939850,5.51199055,23.631115,3.83780384
21:50,23.351685,3.79242301,33.813354,5.49144745,24.578545,3.99167085
21:51,28.178144,4.57626247,33.745731,5.48046494,25.239273,4.09897614
21:52,23.989502,3.89600754,34.024227,5.52569389,25.210617,4.09432220
21:53,25.722076,4.17738581,34.470425,5.59815836,24.931873,4.04905319
21:54,26.436049,4.29333830,34.995144,5.68337536,24.239433,3.93659759
21:55,29.472816,4.78652334,35.573788,5.77734995,24.317371,3.94925499
21:56,23.504000,3.81715965,35.854828,5.82299185,24.100399,3.91401768
21:57,27.407053,4.45103407,35.955685,5.83937168,24.024193,3.90164161
21:58,30.634212,4.97513962,35.595066,5.78080559,24.240204,3.93672276
21:59,32.052639,5.20549870,35.264702,5.72715282,22.918686,3.72210193
22:00,21.152647,3.43528891,34.928734,5.67259026,22.966618,3.72988629
22:01,32.595261,5.29362297,34.555645,5.61199856,23.149200,3.75953865
22:02,27.235699,4.42320490,34.212921,5.55633879,23.753468,3.85767436
22:03,26.340853,4.27787781,33.737000,5.47904682,24.072334,3.90945983
22:04,17.915970,2.90963745,33.090969,5.37412834,25.279408,4.10549402
22:05,23.399282,3.80015302,32.518040,5.28108215,25.258945,4.10217094
22:06,43.723721,7.10093689,32.206226,5.23044205,24.971046,4.05541515
22:07,38.516476,6.25525618,32.054520,5.20580435,24.965458,4.05450726
22:08,34.870453,5.66312504,31.839951,5.17095709,24.730171,4.01629591
22:09,27.416573,4.45257998,31.562187,5.12584734,24.870613,4.03910398
22:10,31.252989,5.07563162,31.394493,5.09861279,28.039154,4.55368996
22:11,28.711245,4.66284084,31.523735,5.11960220,28.579121,4.64138317
22:12,30.015434,4.87464714,31.987553,5.19492865,28.419033,4.61538410
22:13,41.162937,6.68505383,32.729160,5.31536913,27.162258,4.41127825
22:14,35.689144,5.79608440,33.367104,5.41897392,25.406715,4.12616968
22:15,31.357704,5.09263802,33.854084,5.49806166,24.394794,3.96182895
22:16,27.321377,4.43711948,34.310089,5.57211924,23.951530,3.88984084
22:17,27.797358,4.51442099,34.698082,5.63513088,24.833435,4.03306627
22:18,26.731157,4.34126520,34.909378,5.66944647,25.212971,4.09470463
22:19,25.979107,4.21912861,34.776257,5.64782715,24.083679,3.91130233
22:20,30.653252,4.97823191,34.576542,5.61539221,27.822773,4.51854849
22:21,37.202766,6.04190350,34.427120,5.59112549,28.248966,4.58776426
22:22,25.160418,4.08616972,34.210224,5.55590057,29.210754,4.74396324
22:23,36.907658,5.99397659,33.878468,5.50202179,30.453514,4.94579363
22:24,41.162937,6.68505383,33.569298,5.45181131,30.167480,4.89934015
22:25,37.431236,6.07900810,33.308266,5.40941858,29.242878,4.74918032
22:26,36.831501,5.98160839,33.065014,5.36991310,28.593842,4.64377403
22:27,43.780838,7.11021328,33.147713,5.38334370,28.118427,4.56656456
22:28,42.714638,6.93705750,33.729855,5.47788668,29.775024,4.83560371
22:29,33.918488,5.50852156,34.741920,5.64225054,30.541695,4.96011448
22:30,25.065222,4.07070971,35.719360,5.80099154,30.308056,4.92217016
22:31,35.003727,5.68476915,37.088776,6.02339077,29.943134,4.86290550
22:32,37.136127,6.03108120,38.741341,6.29177523,30.618439,4.97257805
22:33,43.314377,7.03445768,40.231426,6.53377199,29.315857,4.76103258
22:34,34.556305,5.61210585,41.181610,6.68808651,27.990334,4.54576111
22:35,27.883036,4.52833557,41.532001,6.74499178,30.027885,4.87666941
22:36,44.104507,7.16277885,41.528805,6.74447250,32.948772,5.35103512
22:37,33.099800,5.37556267,41.453560,6.73225260,34.232746,5.55955839
22:38,21.314482,3.46157169,41.093285,6.67374182,32.601009,5.29455662
22:39,20.543390,3.33634281,40.545856,6.58483696,31.420109,5.10277271
22:40,20.257801,3.28996181,40.891911,6.64103794,32.498535,5.27791452
22:41,18.867933,3.06424069,41.717266,6.77507973,32.154015,5.22196245
22:42,30.262945,4.91484404,41.604286,6.75673103,31.952766,5.18927908
22:43,26.121901,4.24231911,40.603588,6.59421301,31.456188,5.10863256
22:44,24.084698,3.91146779,39.101990,6.35034657,29.737892,4.82957315
22:45,18.534744,3.01012921,37.237789,6.04759169,28.805935,4.67821884
22:46,20.562429,3.33943486,35.650936,5.78987932,28.560303,4.63832712
22:47,25.360331,4.11863661,34.197475,5.55383015,29.117641,4.72884130
22:48,21.343040,3.46620989,32.909828,5.34471035,30.257919,4.91402769
22:49,21.190725,3.44147301,31.799835,5.16444206,31.087425,5.04874372
22:50,22.770987,3.69811487,30.719246,4.98894930,27.056484,4.39409971
22:51,23.351685,3.79242301,29.922260,4.85951519,25.914066,4.20856571
22:52,22.894741,3.71821332,29.420876,4.77808809,25.321098,4.11226511
22:53,21.552471,3.50022221,28.999321,4.70962572,25.831169,4.19510269
22:54,21.714306,3.52650499,28.775814,4.67332697,26.558628,4.31324577
22:55,18.058764,2.93282771,28.690071,4.65940189,27.037411,4.39100218
22:56,25.169937,4.08771563,28.653164,4.65340805,27.136993,4.40717506
22:57,25.636398,4.16347122,28.665234,4.65536833,26.839760,4.35890293
22:58,17.754135,2.88335466,28.669960,4.65613604,25.371407,4.12043524
22:59,24.256050,3.93929625,28.563385,4.63882780,24.521091,3.98234010
23:00,15.916844,2.58497000,28.501228,4.62873316,25.312408,4.11085367
23:01,19.762779,3.20956802,28.437828,4.61843634,26.214928,4.25742722
23:02,26.159981,4.24850368,28.282475,4.59320641,26.994858,4.38409138
23:03,16.459463,2.67309403,28.244156,4.58698320,27.149921,4.40927458
23:04,27.911594,4.53297377,28.088993,4.56178427,27.293224,4.43254757
23:05,23.446880,3.80788326,27.933029,4.53645468,27.419670,4.45308304
23:06,21.447756,3.48321605,27.944637,4.53834009,26.513348,4.30589199
23:07,23.599195,3.83261991,27.821259,4.51830292,25.941490,4.21301937
23:08,28.796921,4.67675495,27.909546,4.53264093,26.688850,4.33439445
23:09,24.275089,3.94238830,28.281059,4.59297657,27.117867,4.40406847
23:10,20.648106,3.35334921,28.565502,4.63917160,29.194965,4.74139929
23:11,23.351685,3.79242301,28.656048,4.65387630,29.202740,4.74266195
23:12,25.436487,4.13100481,28.831242,4.68232870,29.228825,4.74689817
23:13,25.741116,4.18047762,29.204464,4.74294186,28.653587,4.65347672
23:14,17.516144,2.84470391,29.529034,4.79565334,28.344273,4.60324287
23:15,23.008978,3.73676586,29.648724,4.81509161,27.527363,4.47057295
23:16,19.524788,3.17091703,29.501255,4.79114199,27.075603,4.39720488
23:17,23.960941,3.89136910,29.392078,4.77341127,27.280155,4.43042517
23:18,25.036661,4.06607103,29.203907,4.74285126,28.315224,4.59852505
23:19,29.358580,4.76797104,28.987522,4.70770931,29.034088,4.71527195
23:20,28.539890,4.63501215,28.926788,4.69784594,27.451176,4.45819950
23:21,29.310982,4.76024103,28.897797,4.69313765,27.422256,4.45350313
23:22,23.989502,3.89600754,28.990978,4.70827055,28.250599,4.58802986
23:23,25.960068,4.21603680,29.288174,4.75653648,28.999229,4.70961094
23:24,22.218847,3.60844493,29.576035,4.80328655,29.436890,4.78068876
23:25,23.465921,3.81097555,29.966702,4.86673260,29.989635,4.87045717
23:26,22.275965,3.61772108,30.396011,4.93645477,30.610840,4.97134399
23:27,26.502687,4.30416059,30.665028,4.98014402,30.914139,5.02060080
23:28,23.047056,3.74294996,30.820580,5.00540638,30.791023,5.00060654
23:29,25.208015,4.09389973,30.689331,4.98409128,30.557816,4.96273232
23:30,27.407053,4.45103407,30.531342,4.95843315,28.360722,4.60591412
23:31,33.804253,5.48996925,30.414421,4.93944454,28.427532,4.61676455
23:32,29.691767,4.82208204,30.244694,4.91188002,28.909496,4.69503784
23:33,24.741552,4.01814413,30.068924,4.88333416,28.200672,4.57992125
23:34,17.896929,2.90654516,30.049637,4.88020182,27.661160,4.49230194
23:35,18.753696,3.04568815,30.254517,4.91347551,28.058773,4.55687618
23:36,33.242596,5.39875317,30.659039,4.97917175,28.393330,4.61120987
23:37,23.266008,3.77850890,30.993996,5.03357029,29.150063,4.73410654
23:38,23.532558,3.82179785,30.982693,5.03173447,28.830139,4.68214989
23:39,23.589676,3.83107400,30.716557,4.98851252,27.863350,4.52513838
23:40,28.720764,4.66438675,30.601364,4.96980476,25.592712,4.15637636
23:41,28.720764,4.66438675,30.568199,4.96441889,24.503681,3.97951269
23:42,28.968275,4.70458364,30.544418,4.96055651,23.337372,3.79009867
23:43,28.359016,4.60563707,30.482010,4.95042133,23.524326,3.82046080
23:44,25.093781,4.07534742,30.636272,4.97547436,23.964413,3.89193296
23:45,25.008102,4.06143284,30.872105,5.01377439,26.293060,4.27011633
23:46,29.387138,4.77260876,31.141720,5.05756140,27.529160,4.47086430
23:47,26.131420,4.24386501,31.414642,5.10188532,28.173668,4.57553577
23:48,27.359455,4.44330359,31.632343,5.13724089,26.239189,4.26136732
23:49,27.825916,4.51905918,31.792801,5.16330004,24.963326,4.05416107
23:50,25.560242,4.15110302,32.008286,5.19829559,22.871117,3.71437645
23:51,34.603905,5.61983633,32.210903,5.23120165,24.353100,3.95505762
23:52,32.937965,5.34927988,32.343929,5.25280571,26.632263,4.32520437
23:53,26.797796,4.35208750,32.308853,5.24710894,26.363605,4.28157330
23:54,27.730721,4.50359917,32.285000,5.24323511,24.288780,3.94461179
23:55,25.398409,4.12482071,32.394650,5.26104307,27.634483,4.48796940
23:56,26.655001,4.32889700,32.705418,5.31151295,32.968979,5.35431671
23:57,30.072554,4.88392353,32.965717,5.35378695,34.095032,5.53719282
23:58,35.098927,5.70023012,33.125477,5.37973261,34.448414,5.59458399
23:59,34.442070,5.59355354,33.139420,5.38199711,33.825073,5.49335051
