Time(UTC),TEC_actual(TECU),Delay_actual_L1(m),TEC_LSTM(TECU),Delay_LSTM_L1(m),TEC_Transformer(TECU),Delay_Transformer_L1(m)
00:00,27.026266,4.38919210,81.128563,13.17565918,32.190029,5.22781181
00:01,34.584866,5.61674404,74.508652,12.10055447,32.065643,5.20761061
00:02,34.451588,5.59509945,66.988182,10.87919426,33.382214,5.42142773
00:03,32.976044,5.35546398,59.508167,9.66440487,31.861580,5.17446995
00:04,26.569324,4.31498289,52.846634,8.58254147,31.926746,5.18505335
00:05,30.339104,4.92721272,47.657528,7.73980570,35.761154,5.80777884
00:06,30.710369,4.98750782,43.674309,7.09291220,36.248669,5.88695383
00:07,35.831936,5.81927443,40.778629,6.62264061,35.137856,5.70655251
00:08,38.335606,6.22588205,38.253502,6.21254778,32.079224,5.20981646
00:09,30.586615,4.96740961,36.349380,5.90330982,32.390648,5.26039314
00:10,35.670101,5.79299164,34.835251,5.65740776,32.310749,5.24741697
00:11,33.823292,5.49306107,33.825371,5.49339867,35.763836,5.80821466
00:12,35.060844,5.69404554,33.386719,5.42215967,39.830387,6.46864176
00:13,40.448963,6.56910133,33.594177,5.45585203,40.060413,6.50599909
00:14,32.509583,5.27970839,33.835770,5.49508762,33.215076,5.39428425
00:15,32.595261,5.29362297,33.783840,5.48665380,27.427765,4.45439768
00:16,34.937092,5.67394733,33.727112,5.47744083,26.950497,4.37688684
00:17,37.088531,6.02335119,34.060604,5.53160191,31.623020,5.13572645
00:18,38.840145,6.30782175,34.239769,5.56069899,36.214451,5.88139629
00:19,45.408699,7.37458563,34.241142,5.56092215,38.810719,6.30304241
00:20,40.943985,6.64949512,34.212013,5.55619144,37.003506,6.00954294
00:21,44.399616,7.21070576,34.178226,5.55070400,31.888664,5.17886829
00:22,40.715515,6.61239052,34.535969,5.60880327,28.150238,4.57173061
00:23,43.028790,6.98807716,35.395195,5.74834538,26.999630,4.38486624
00:24,45.951317,7.46270943,35.918701,5.83336544,25.240093,4.09910965
00:25,47.103195,7.64977980,36.774418,5.97233772,30.276314,4.91701508
00:26,40.268089,6.53972626,37.317692,6.06056786,30.697144,4.98536015
00:27,45.313503,7.35912514,37.552757,6.09874392,30.954609,5.02717352
00:28,45.722847,7.42560482,37.820335,6.14219952,30.193272,4.90352869
00:29,48.921448,7.94507217,38.101692,6.18789339,28.299194,4.59592199
00:30,40.877350,6.63867331,38.194363,6.20294333,26.808636,4.35384798
00:31,47.169834,7.66060209,38.453781,6.24507427,26.423031,4.29122400
00:32,50.416031,8.18779945,38.869209,6.31254196,25.046707,4.06770277
00:33,47.436382,7.70389080,39.460751,6.40861082,26.346218,4.27874947
00:34,59.659603,9.68899918,39.672962,6.44307518,26.213921,4.25726366
00:35,55.023537,8.93607998,39.688446,6.44558954,26.676697,4.33242035
00:36,48.702496,7.90951347,39.857742,6.47308397,31.758862,5.15778780
00:37,44.094990,7.16123295,40.158073,6.52185917,37.227463,6.04591417
00:38,44.989834,7.30656004,41.467434,6.73450565,43.429497,7.05315399
00:39,54.014458,8.77220058,42.583961,6.91583490,40.731693,6.61501789
00:40,53.300484,8.65624809,42.868935,6.96211576,38.209148,6.20534468
00:41,52.596027,8.54184151,42.834370,6.95650244,38.498585,6.25235081
00:42,60.459255,9.81886673,42.911556,6.96903801,39.519474,6.41814756
00:43,54.242928,8.80930519,43.328865,7.03681087,39.983429,6.49349642
00:44,47.483982,7.71162128,44.102917,7.16252041,39.821476,6.46719408
00:45,50.682583,8.23108864,44.808376,7.27709007,38.887791,6.31555939
00:46,46.789047,7.59876060,45.866943,7.44900656,40.616886,6.59637260
00:47,60.087990,9.75857067,46.600368,7.56811810,37.458462,6.08342981
00:48,66.513748,10.80214405,46.372982,7.53118944,35.310623,5.73461056
00:49,58.688602,9.53130436,45.776794,7.43436575,39.071136,6.34533548
00:50,73.386932,11.91838169,44.976929,7.30446386,41.421650,6.72706985
00:51,54.890263,8.91443634,45.047085,7.31585789,46.222481,7.50674772
00:52,66.409035,10.78513813,46.401550,7.53582907,48.872696,7.93715477
00:53,55.908867,9.07986164,47.767021,7.75758791,44.486992,7.22489595
00:54,27.844957,4.52215147,48.855038,7.93428707,42.521450,6.90568256
00:55,28.739803,4.66747856,50.106056,8.13745880,45.472664,7.38497353
00:56,29.320501,4.76178694,50.897099,8.26592731,45.684193,7.41932678
00:57,29.149149,4.73395824,51.517769,8.36672688,43.970760,7.14105749
00:58,30.377182,4.93339682,50.102642,8.13690376,34.542347,5.60983896
00:59,29.406178,4.77570105,47.844284,7.77013588,33.511784,5.44247055
01:00,34.784779,5.64921093,45.246796,7.34829187,35.013905,5.68642235
01:01,30.891241,5.01688242,42.708054,6.93598795,40.610401,6.59531927
01:02,34.889492,5.66621685,40.472191,6.57287359,46.035213,7.47633457
01:03,35.432114,5.75434113,38.633564,6.27427197,47.944843,7.78646708
01:04,30.957880,5.02770472,37.412678,6.07599401,48.208775,7.82933092
01:05,30.719889,4.98905373,36.556103,5.93688250,46.224461,7.50706911
01:06,31.909843,5.18230820,35.944603,5.83757210,44.698269,7.25920820
01:07,33.185474,5.38947678,35.824814,5.81811762,45.137119,7.33047962
01:08,38.430801,6.24134207,35.882271,5.82744884,44.742039,7.26631689
01:09,38.973419,6.32946587,35.820957,5.81749153,44.885983,7.28969383
01:10,31.652815,5.14056540,35.580975,5.77851725,44.314163,7.19682789
01:11,37.812023,6.14084959,35.444527,5.75635719,42.753666,6.94339561
01:12,32.414387,5.26424837,35.544155,5.77253723,40.825859,6.63031101
01:13,34.632462,5.62447405,35.945004,5.83763695,41.061417,6.66856670
01:14,31.909843,5.18230820,36.000702,5.84668255,41.455570,6.73257875
01:15,33.347309,5.41575909,36.270081,5.89043093,45.417831,7.37606859
01:16,31.786089,5.16220999,36.207901,5.88033295,44.782612,7.27290583
01:17,32.957005,5.35237217,36.147873,5.87058401,44.491398,7.22561169
01:18,34.737179,5.64148045,36.091450,5.86142063,41.020855,6.66197920
01:19,32.100239,5.21322918,36.010906,5.84834003,37.472866,6.08576918
01:20,37.593071,6.10529089,35.940704,5.83693886,38.402721,6.23678207
01:21,37.574032,6.10219908,35.870331,5.82551003,41.152813,6.68340969
01:22,35.831936,5.81927443,35.939827,5.83679628,41.855083,6.79746151
01:23,36.603027,5.94450331,35.986412,5.84436178,39.785706,6.46138525
01:24,35.689144,5.79608440,36.201187,5.87924242,38.776146,6.29742765
01:25,34.575344,5.61519814,36.451752,5.91993523,37.603699,6.10701704
01:26,35.632027,5.78680801,36.688187,5.95833349,39.509102,6.41646338
01:27,44.285381,7.19215345,36.847042,5.98413229,42.598019,6.91811800
01:28,39.239971,6.37275505,36.936737,5.99869919,43.699188,7.09695292
01:29,41.372372,6.71906710,37.102482,6.02561712,43.310921,7.03389645
01:30,38.107132,6.18877697,37.257343,6.05076694,40.759537,6.61953974
01:31,40.696476,6.60929823,37.487000,6.08806419,37.545883,6.09762716
01:32,39.668354,6.44232655,38.234215,6.20941544,40.213379,6.53084135
01:33,34.899014,5.66776323,39.144238,6.35720778,45.377350,7.36949444
01:34,39.649315,6.43923473,40.482758,6.57458973,52.527420,8.53069878
01:35,39.040058,6.34028816,41.149048,6.68279839,48.966022,7.95231152
01:36,38.792545,6.30009127,41.390945,6.72208357,47.097374,7.64883423
01:37,36.060410,5.85637951,41.365448,6.71794271,45.315582,7.35946274
01:38,39.811150,6.46551704,41.332096,6.71252632,46.961147,7.62671041
01:39,42.733681,6.94014978,41.195435,6.69033146,49.359100,8.01614952
01:40,41.696037,6.77163172,41.038582,6.66485786,49.919949,8.10723400
01:41,42.676559,6.93087339,41.105083,6.67565823,49.842392,8.09463787
01:42,41.181976,6.68814611,41.089287,6.67309284,46.723339,7.58808899
01:43,38.392719,6.23515749,41.216919,6.69382095,44.046356,7.15333462
01:44,39.630276,6.43614244,41.248375,6.69892931,41.494194,6.73885155
01:45,40.382328,6.55827951,41.469978,6.73491859,45.515053,7.39185810
01:46,41.886429,6.80255222,41.821674,6.79203606,49.789879,8.08611012
01:47,43.114464,7.00199080,41.810555,6.79022980,48.271793,7.83956528
01:48,51.025288,8.28674603,41.722164,6.77587509,47.777363,7.75926781
01:49,47.112717,7.65132618,41.541641,6.74655724,46.584267,7.56550312
01:50,56.108780,9.11232853,41.742058,6.77910566,47.158501,7.65876150
01:51,48.969044,7.95280218,41.987309,6.81893587,47.094048,7.64829397
01:52,50.377953,8.18161583,42.488705,6.90036488,52.942795,8.59815788
01:53,59.678642,9.69209099,43.993816,7.14480209,61.274315,9.95123577
01:54,40.896389,6.64176512,45.485298,7.38702536,56.533398,9.18128872
01:55,48.274113,7.83994198,47.603977,7.73110914,52.772625,8.57052135
01:56,49.140400,7.98063135,48.833958,7.93086338,43.320621,7.03547192
01:57,51.177601,8.31148243,49.906391,8.10503197,45.293819,7.35592842
01:58,50.549305,8.20944405,50.775963,8.24625397,51.178394,8.31161118
01:59,51.053848,8.29138374,51.075443,8.29489136,56.495358,9.17511082
02:00,44.504333,7.22771215,51.177456,8.31145859,59.890003,9.72641754
02:01,50.606422,8.21872044,51.623482,8.38389492,60.100449,9.76059437
02:02,46.893764,7.61576700,52.240051,8.48402882,55.703144,9.04645157
02:03,47.959965,7.78892326,52.304554,8.49450493,50.553829,8.21017838
02:04,49.940048,8.11049747,51.727638,8.40081120,51.328262,8.33594990
02:05,46.455860,7.54464960,51.125080,8.30295277,57.671413,9.36610794
02:06,47.522060,7.71780539,50.512306,8.20343494,60.342651,9.79992962
02:07,57.279694,9.30249023,50.219181,8.15583038,60.040695,9.75089073
02:08,57.393929,9.32104301,50.310368,8.17063904,56.433311,9.16503429
02:09,52.043892,8.45217228,50.258614,8.16223431,51.808281,8.41390800
02:10,50.730179,8.23881912,50.001820,8.12053013,52.746723,8.56631470
02:11,54.718910,8.88660717,50.222702,8.15640259,58.952164,9.57410717
02:12,54.633232,8.87269306,50.895615,8.26568604,61.958618,10.06237030
02:13,56.508602,9.17726135,51.388275,8.34569645,59.352974,9.63920116
02:14,56.108780,9.11232853,51.843609,8.41964531,55.873146,9.07406044
02:15,56.184937,9.12469673,52.258831,8.48707867,50.751781,8.24232674
02:16,51.672623,8.39187622,52.681213,8.55567551,50.322529,8.17261410
02:17,53.976376,8.76601601,53.313065,8.65829182,56.304428,9.14410305
02:18,63.619778,10.33215046,54.029137,8.77458477,62.037296,10.07514763
02:19,66.761261,10.84234142,54.695251,8.88276482,63.901306,10.37787151
02:20,59.669125,9.69054508,54.903873,8.91664600,60.786777,9.87205791
02:21,72.834793,11.82871151,55.519669,9.01665401,61.325890,9.95961189
02:22,56.737076,9.21436691,56.717030,9.21111107,62.125084,10.08940506
02:23,64.324226,10.44655609,57.812195,9.38897133,62.376434,10.13022518
02:24,68.103531,11.06033230,59.335152,9.63630676,66.074883,10.73087025
02:25,70.369202,11.42828846,60.949696,9.89851665,65.348289,10.61286831
02:26,70.321602,11.42055798,62.080261,10.08212566,60.984604,9.90418530
02:27,73.577324,11.94930267,62.391331,10.13264465,55.907509,9.07964134
02:28,69.245888,11.24585629,62.892288,10.21400261,56.965416,9.25145054
02:29,63.343704,10.28731441,63.093163,10.24662495,56.675713,9.20440102
02:30,63.981522,10.39089870,63.629883,10.33379078,61.066254,9.91744614
02:31,68.731827,11.16237068,64.208023,10.42768383,60.681618,9.85497952
02:32,68.969818,11.20102119,64.515717,10.47765446,57.337685,9.31190872
02:33,64.000565,10.39399147,64.472115,10.47057343,54.085766,8.78378201
02:34,66.152000,10.74339485,64.370728,10.45410824,53.589161,8.70313072
02:35,63.905365,10.37853050,64.192383,10.42514420,55.329330,8.98574257
02:36,75.966751,12.33735657,64.307304,10.44380760,58.982353,9.57901096
02:37,70.245445,11.40818977,64.326447,10.44691658,56.694603,9.20746899
02:38,75.643089,12.28479195,64.622421,10.49498367,52.108730,8.46270180
02:39,81.726135,13.27270699,65.108917,10.57399368,47.610760,7.73221064
02:40,78.203873,12.70067501,65.080399,10.56936169,44.923092,7.29572058
02:41,72.720558,11.81015968,64.935272,10.54579258,49.167511,7.98503399
02:42,68.693748,11.15618706,65.417389,10.62409019,58.499191,9.50054264
02:43,81.050240,13.16293907,66.803017,10.84912300,66.550751,10.80815411
02:44,77.689812,12.61718941,68.480225,11.12150955,67.168221,10.90843391
02:45,78.270508,12.71149731,69.679588,11.31629181,62.718639,10.18580055
02:46,69.693306,11.31851959,70.585251,11.46337509,62.073982,10.08110523
02:47,83.173126,13.50770569,71.472710,11.60750294,66.773643,10.84435272
02:48,88.009102,14.29309082,71.912308,11.67889595,73.125244,11.87588215
02:49,92.873642,15.08311462,73.020233,11.85882759,84.456505,13.71613216
02:50,87.352249,14.18641472,74.175636,12.04647064,81.154739,13.17990971
02:51,90.408051,14.68269062,75.303101,12.22957611,74.024788,12.02197266
02:52,91.045868,14.78627586,76.955627,12.49795437,70.059753,11.37803268
02:53,84.829544,13.77671528,79.177551,12.85880566,69.368042,11.26569462
02:54,85.533997,13.89112186,81.583763,13.24958515,71.747543,11.65213680
02:55,96.357826,15.64896297,83.659363,13.58667278,73.952774,12.01027679
02:56,90.912590,14.76463032,85.889732,13.94889545,77.245621,12.54505062
02:57,91.959755,14.93469524,87.846313,14.26665306,75.327049,12.23346615
02:58,93.073555,15.11558151,89.407593,14.52021217,72.938873,11.84561443
02:59,90.208138,14.65022469,90.755356,14.73909473,72.925491,11.84344196
03:00,96.795731,15.72008038,91.226662,14.81563759,73.015953,11.85813332
03:01,105.515724,17.13624763,92.270332,14.98513412,85.354820,13.86202240
03:02,108.638168,17.64334679,92.751083,15.06321049,85.522003,13.88917446
03:03,98.242722,15.95507812,93.197258,15.13567162,87.372643,14.18972683
03:04,102.469437,16.64151764,94.045547,15.27343750,87.797302,14.25869370
03:05,112.560265,18.28031540,96.445770,15.66324520,92.582848,15.03588867
03:06,105.401489,17.11769485,97.962570,15.90958023,83.931717,13.63090420
03:07,109.161751,17.72838020,97.876587,15.89561653,81.972794,13.31276608
03:08,84.296440,13.69013691,97.920982,15.90282631,88.467117,14.36747456
03:09,67.399071,10.94592476,98.761185,16.03927994,91.013298,14.78098583
03:10,65.438026,10.62744236,100.260902,16.28284073,88.958847,14.44733334
03:11,63.867287,10.37234688,97.723732,15.87079239,65.097015,10.57206059
03:12,68.189201,11.07424545,94.274704,15.31065369,67.608246,10.97989559
03:13,72.730072,11.81170464,90.118690,14.63569736,67.733421,11.00022507
03:14,67.703705,10.99539852,85.609772,13.90342808,69.278976,11.25123024
03:15,67.675140,10.99075985,81.453323,13.22840118,68.836502,11.17937088
03:16,64.124313,10.41408920,78.165596,12.69445896,66.338280,10.77364731
03:17,63.362747,10.29040718,76.190125,12.37363338,64.978317,10.55278301
03:18,80.336273,13.04698753,74.563225,12.10941696,61.503494,9.98845577
03:19,64.619339,10.49448395,73.546387,11.94427776,64.621071,10.49476433
03:20,72.920471,11.84262657,72.594887,11.78975010,66.339027,10.77376938
03:21,76.909195,12.49041367,72.170319,11.72079754,69.280235,11.25143528
03:22,86.295563,14.01480389,73.208771,11.88944721,74.254181,12.05922699
03:23,63.543617,10.31978130,73.367477,11.91522217,65.759369,10.67962933
03:24,73.101341,11.87200069,73.624367,11.95694256,66.805908,10.84959221
03:25,76.433212,12.41311169,72.931450,11.84440899,64.306450,10.44366837
03:26,80.288673,13.03925705,72.061867,11.70318508,68.254402,11.08483505
03:27,79.003517,12.83054161,70.836349,11.50415516,67.888206,11.02536297
03:28,81.221596,13.19076824,70.356148,11.42616844,70.825668,11.50242043
03:29,76.138107,12.36518574,70.029251,11.37307835,69.112671,11.22422123
03:30,77.328064,12.55844021,70.785439,11.49588680,71.030624,11.53570652
03:31,63.581699,10.32596588,72.166626,11.72019863,69.557861,11.29652309
03:32,73.396446,11.91992664,75.753494,12.30272293,79.918365,12.97911739
03:33,64.038643,10.40017605,77.952560,12.65986156,73.014595,11.85791206
03:34,57.441528,9.32877350,79.883186,12.97340393,75.973541,12.33845901
03:35,69.959862,11.36180973,80.829002,13.12700844,70.729195,11.48675251
03:36,66.951653,10.87326241,79.771591,12.95528030,62.512245,10.15228176
03:37,60.811481,9.87607002,77.671875,12.61427689,61.626698,10.00846481
03:38,69.978897,11.36490059,75.882286,12.32363892,66.683556,10.82972145
03:39,72.815750,11.82561874,74.144493,12.04141331,69.375511,11.26690769
03:40,66.152000,10.74339485,72.347137,11.74951458,69.544388,11.29433441
03:41,68.589027,11.13917923,70.568298,11.46062279,68.161484,11.06974411
03:42,103.488045,16.80694389,69.251144,11.24671078,67.254227,10.92240143
03:43,71.930428,11.68183899,68.215141,11.07845879,64.542709,10.48203850
03:44,74.814880,12.15028763,68.656761,11.15017986,69.226303,11.24267578
03:45,71.844749,11.66792393,69.461105,11.28080940,70.046463,11.37587357
03:46,68.055931,11.05260181,72.401787,11.75838947,82.940628,13.46994686
03:47,63.020039,10.23474979,74.018219,12.02090549,74.119453,12.03734684
03:48,86.942902,14.11993504,75.032806,12.18567944,74.138557,12.04044914
03:49,87.923424,14.27917576,75.012535,12.18238735,68.393127,11.10736465
03:50,83.211205,13.51388931,74.352730,12.07523155,67.198326,10.91332340
03:51,89.246658,14.49407578,73.492523,11.93552971,70.388596,11.43143749
03:52,115.063927,18.68692017,73.568237,11.94782639,76.536568,12.42989731
03:53,75.614525,12.28015327,74.685844,12.12933159,79.558769,12.92071724
03:54,68.769905,11.16855526,76.078758,12.35554695,79.525253,12.91527367
03:55,78.784569,12.79498291,77.639511,12.60902023,78.917450,12.81656361
03:56,75.500290,12.26160049,78.292702,12.71510124,72.986336,11.85332298
03:57,83.668144,13.58809853,80.325478,13.04523373,83.016510,13.48227024
03:58,74.281776,12.06370831,83.269974,13.52343369,88.005280,14.29246998
03:59,83.249283,13.52007389,85.745125,13.92541027,85.888275,13.94865799
04:00,81.583344,13.24951744,87.051994,14.13765144,82.810638,13.44883537
04:01,78.489456,12.74705505,87.949715,14.28344536,83.858536,13.61901951
04:02,74.567368,12.11009026,88.482689,14.37000370,81.831985,13.28989792
04:03,70.473923,11.44529533,88.876389,14.43394184,84.058434,13.65148354
04:04,77.166229,12.53215694,89.518799,14.53827286,90.714798,14.73250866
04:05,81.602379,13.25260830,89.922623,14.60385513,91.771545,14.90412903
04:06,69.664749,11.31388187,90.896233,14.76197433,94.847427,15.40366650
04:07,65.533226,10.64290333,91.094437,14.79416370,86.221497,14.00277519
04:08,83.487274,13.55872440,90.180794,14.64578342,79.164749,12.85672665
04:09,80.174438,13.02070427,91.374672,14.83967495,90.774452,14.74219608
04:10,84.839058,13.77826023,89.935143,14.60588837,74.825768,12.15205574
04:11,75.957237,12.33581161,87.358063,14.18735886,75.859154,12.31988239
04:12,91.264816,14.82183361,87.247902,14.16946793,89.174797,14.48240471
04:13,79.251030,12.87073898,86.748047,14.08828926,80.026749,12.99671936
04:14,69.607635,11.30460644,86.461067,14.04168224,78.456322,12.74167442
04:15,67.903618,11.02786541,85.952087,13.95902157,74.838219,12.15407753
04:16,111.551178,18.11643410,86.065033,13.97736454,79.141396,12.85293388
04:17,117.386719,19.06415367,86.328423,14.02014065,79.817932,12.96280575
04:18,121.013702,19.65319252,84.782196,13.76902580,69.125519,11.22630787
04:19,69.759949,11.32934284,82.861076,13.45702744,69.161522,11.23215485
04:20,73.663002,11.96321678,80.560738,13.08344173,65.748238,10.67782211
04:21,69.721870,11.32315826,78.097633,12.68342209,63.854076,10.37020111
04:22,76.338020,12.39765263,75.895714,12.32581997,66.771484,10.84400177
04:23,76.785446,12.47031593,74.470985,12.09443665,73.326584,11.90858078
04:24,78.003960,12.66820812,73.404243,11.92119312,75.353134,12.23770237
04:25,76.280899,12.38837528,72.228493,11.73024559,73.440117,11.92701912
04:26,76.852081,12.48113823,71.075775,11.54303932,71.999176,11.69300365
04:27,80.964569,13.14902496,70.368126,11.42811298,71.563896,11.62231255
04:28,82.697144,13.43040371,70.258202,11.41026115,73.198807,11.88782883
04:29,76.623611,12.44403362,70.673355,11.47768402,80.494598,13.07269955
04:30,81.221596,13.19076824,71.113327,11.54913712,84.993439,13.80333233
04:31,83.668144,13.58809853,71.619370,11.63132095,82.479309,13.39502621
04:32,84.705788,13.75661659,72.408058,11.75940800,76.236176,12.38111210
04:33,79.955482,12.98514462,73.165825,11.88247299,69.330055,11.25952625
04:34,90.369972,14.67650700,73.969559,12.01300335,68.723938,11.16108990
04:35,86.714432,14.08283043,74.556946,12.10839748,72.221191,11.72906017
04:36,84.315483,13.69322968,74.813339,12.15003681,75.275520,12.22509766
04:37,89.979668,14.61312008,75.400803,12.24544334,78.111572,12.68568516
04:38,91.207703,14.81255817,76.005539,12.34365559,75.996552,12.34219646
04:39,90.627007,14.71825027,76.857796,12.48206615,74.399910,12.08289433
04:40,86.524040,14.05190945,77.482498,12.58352089,72.525436,11.77847099
04:41,97.481148,15.83139515,78.264160,12.71046638,78.647514,12.77272511
04:42,93.149712,15.12794971,78.658546,12.77451611,83.466255,13.55531120
04:43,99.451714,16.15142441,79.051056,12.83826160,87.874100,14.27116585
04:44,102.326645,16.61832619,79.126183,12.85046291,85.129768,13.82547379
04:45,96.557739,15.68142891,79.298347,12.87842369,82.808350,13.44846439
04:46,98.185600,15.94580173,79.624741,12.93143082,79.735023,12.94934177
04:47,94.196869,15.29801273,80.723808,13.10992432,83.205788,13.51301003
04:48,88.789711,14.41986561,82.359230,13.37552452,88.097603,14.30746365
04:49,99.023331,16.08185387,83.541000,13.56744957,88.185730,14.32177544
04:50,95.700974,15.54228687,84.461975,13.71702099,87.396736,14.19363976
04:51,98.366470,15.97517586,84.664490,13.74991035,82.034485,13.32278442
04:52,104.954063,17.04503250,84.601868,13.73973942,80.180077,13.02161980
04:53,107.648125,17.48255920,84.877197,13.78445435,83.531113,13.56584454
04:54,117.815102,19.13372421,85.173668,13.83260250,87.747475,14.25060081
04:55,107.990829,17.53821754,85.910728,13.95230484,92.887863,15.08542442
04:56,116.710831,18.95438576,87.048836,14.13713932,93.779541,15.23023701
04:57,125.307068,20.35045433,88.462082,14.36665630,93.097008,15.11939049
04:58,100.165688,16.26737785,90.185913,14.64661503,92.729439,15.05969524
04:59,104.059219,16.89970398,91.642220,14.88312626,91.393608,14.84275055
05:00,103.297646,16.77602196,94.090736,15.28077698,100.162811,16.26691055
05:01,118.966980,19.32079506,96.339966,15.64606190,101.815651,16.53533936
05:02,133.008453,21.60119629,98.140350,15.93845272,101.274544,16.44746017
05:03,116.748901,18.96056938,99.488480,16.15739441,95.971390,15.58620358
05:04,113.826378,18.48593712,100.214882,16.27536583,87.232780,14.16701221
05:05,131.466278,21.35074043,100.331345,16.29428101,81.848610,13.29259777
05:06,132.741913,21.55790901,100.427750,16.30993652,84.408890,13.70839882
05:07,110.285065,17.91081047,100.569275,16.33292198,88.961449,14.44775581
05:08,131.475800,21.35228539,101.270149,16.44674683,93.952484,15.25832367
05:09,127.658417,20.73232460,102.624252,16.66666031,97.200104,15.78575230
05:10,125.592651,20.39683533,105.047333,17.06017876,101.072388,16.41462898
05:11,134.445923,21.83464813,105.977386,17.21122360,92.128487,14.96209812
05:12,130.914139,21.26107025,107.102150,17.39389038,95.181152,15.45786476
05:13,124.040955,20.14483261,107.950539,17.53167343,97.298027,15.80165577
05:14,120.490128,19.56816101,108.968246,17.69695473,103.178032,16.75659561
05:15,119.519119,19.41046524,109.997177,17.86405754,106.217682,17.25024986
05:16,98.414070,15.98290634,110.256104,17.90610695,104.185486,16.92021179
05:17,111.160873,18.05304718,110.167122,17.89165688,102.240417,16.60432243
05:18,103.421402,16.79611969,109.873665,17.84399796,100.125328,16.26082230
05:19,94.035034,15.27173042,108.699425,17.65329552,98.686508,16.02715111
05:20,96.833809,15.72626400,107.223946,17.41367149,100.821548,16.37389183
05:21,98.233200,15.95353222,105.943748,17.20576096,101.245483,16.44274139
05:22,102.555115,16.65543175,104.908394,17.03761482,98.943039,16.06881332
05:23,96.395905,15.65514660,103.804230,16.85829353,93.708076,15.21863079
05:24,100.651192,16.34622574,102.894257,16.71051025,90.836807,14.75232315
05:25,102.564636,16.65697670,102.094482,16.58062172,91.441978,14.85060596
05:26,97.795296,15.88241386,101.752220,16.52503777,97.112839,15.77157974
05:27,99.680183,16.18852806,100.631798,16.34307480,95.003845,15.42906952
05:28,103.421402,16.79611969,99.412262,16.14501762,92.477768,15.01882267
05:29,99.223244,16.11431885,98.920654,16.06517792,88.250664,14.33232117
05:30,100.013374,16.24264145,99.130142,16.09919930,84.501320,13.72341061
05:31,102.117210,16.58431435,99.225998,16.11476707,83.586357,13.57481575
05:32,104.011620,16.89197350,99.935249,16.22995186,90.182098,14.64599514
05:33,98.804375,16.04629326,101.127396,16.42356300,94.795029,15.39515686
05:34,107.724281,17.49492836,101.715523,16.51907730,92.152008,14.96591759
05:35,104.192497,16.92135048,101.816536,16.53548241,89.758453,14.57719326
05:36,97.414513,15.82057381,101.522636,16.48775101,85.927773,13.95507336
05:37,103.402367,16.79302979,101.994156,16.56432915,88.585854,14.38675785
05:38,102.269531,16.60905075,102.214806,16.60016251,88.963066,14.44801903
05:39,103.373810,16.78839111,102.490128,16.64487648,92.316612,14.99265003
05:40,116.558510,18.92964745,102.516663,16.64918709,91.531349,14.86511993
05:41,109.171272,17.72992706,102.929207,16.71618462,93.504356,15.18554592
05:42,127.334747,20.67975998,104.545319,16.97864914,98.912209,16.06380653
05:43,121.213615,19.68565941,106.289513,17.26191521,99.713249,16.19389915
05:44,105.810837,17.18417549,108.175209,17.56816101,107.991516,17.53832817
05:45,110.865768,18.00512123,109.284164,17.74826050,112.225357,18.22592354
05:46,104.478088,16.96773148,110.874756,18.00658035,120.681786,19.59928703
05:47,89.551285,14.54354858,115.225594,18.71317673,132.202515,21.47030830
05:48,106.286819,17.26147842,118.034813,19.16940689,112.698639,18.30278778
05:49,112.998169,18.35143280,119.334015,19.38040352,109.042839,17.70906830
05:50,115.387596,18.73948669,119.313263,19.37703323,112.703751,18.30361748
05:51,104.430489,16.96000099,117.463799,19.07667160,112.855789,18.32830811
05:52,102.631271,16.66779900,115.793518,18.80541039,117.066246,19.01210785
05:53,110.808647,17.99584389,114.867508,18.65502167,113.569183,18.44416809
05:54,117.957901,19.15691566,114.411034,18.58088875,106.029442,17.21967888
05:55,117.519997,19.08579826,113.969452,18.50917244,97.303131,15.80248451
05:56,100.670227,16.34931755,113.644676,18.45642853,95.041763,15.43522739
05:57,113.255196,18.39317513,113.871292,18.49323082,102.088066,16.57958031
05:58,105.372932,17.11305809,114.909500,18.66184044,113.551193,18.44124603
05:59,120.318771,19.54033279,116.029358,18.84371185,117.273277,19.04573059
06:00,116.215805,18.87399101,116.451996,18.91234970,112.472244,18.26601982
06:01,115.292397,18.72402573,116.238190,18.87762642,106.291710,17.26227188
06:02,106.458168,17.28930473,116.273033,18.88328552,105.774429,17.17826271
06:03,114.007248,18.51531219,116.679817,18.94934845,106.603310,17.31287766
06:04,117.139214,19.02395630,117.795944,19.13061333,110.777794,17.99083328
06:05,119.319206,19.37799835,119.253944,19.36739922,111.790077,18.15523148
06:06,117.748466,19.12290192,120.392288,19.55227089,109.095062,17.71755028
06:07,119.433449,19.39655113,121.196854,19.68293762,106.799820,17.34479141
06:08,114.540344,18.60188866,121.169601,19.67851067,102.403030,16.63073158
06:09,110.941925,18.01748848,121.679779,19.76136589,110.771721,17.98984718
06:10,111.951004,18.18136787,122.137833,19.83575630,114.639351,18.61796761
06:11,123.193703,20.00723457,123.281067,20.02142334,120.099754,19.50476265
06:12,129.181564,20.97969055,123.933243,20.12734032,110.861931,18.00449753
06:13,121.680077,19.76141548,124.000191,20.13821220,105.240646,17.09157372
06:14,114.921135,18.66373062,124.190979,20.16919708,107.507881,17.45978355
06:15,117.738945,19.12135696,124.164764,20.16493988,111.501427,18.10835457
06:16,128.362869,20.84673119,125.603241,20.39855576,129.589096,21.04587555
06:17,121.384972,19.71348763,127.177261,20.65418243,129.566406,21.04219246
06:18,113.102882,18.36843872,127.977859,20.78420448,122.624763,19.91483688
06:19,119.395363,19.39036560,128.393906,20.85177231,118.633698,19.26666832
06:20,108.028915,17.54440117,129.435455,21.02092361,118.260651,19.20608330
06:21,124.497894,20.21904182,130.176880,21.14133453,115.242119,18.71586037
06:22,138.824951,22.54582214,130.067688,21.12360191,117.904518,19.14824677
06:23,123.079468,19.98868179,130.210403,21.14678001,128.830353,20.92265320
06:24,116.368118,18.89872742,130.337402,21.16740417,130.364212,21.17175865
06:25,125.030998,20.30562019,130.691956,21.22498512,129.693359,21.06280899
06:26,101.907784,16.55030251,132.344208,21.49332047,131.747375,21.39639091
06:27,125.497459,20.38137627,134.325806,21.81513977,126.804916,20.59371185
06:28,121.603920,19.74904633,134.535019,21.84911728,117.404213,19.06699371
06:29,135.550201,22.01398849,134.279266,21.80758286,122.307701,19.86334419
06:30,128.515182,20.87146759,132.188004,21.46795082,114.451385,18.58744049
06:31,116.406197,18.90491104,131.297180,21.32327652,123.347992,20.03229141
06:32,130.104965,21.12965584,131.043732,21.28211594,119.102371,19.34278297
06:33,141.081116,22.91223526,132.367447,21.49709320,123.851349,20.11404037
06:34,137.539810,22.33711052,133.984161,21.75965500,122.808228,19.94463158
06:35,126.735008,20.58235931,135.645233,22.02942085,124.719246,20.25498962
06:36,134.664871,21.87020683,136.437164,22.15803528,120.120392,19.50811386
06:37,98.623505,16.01692009,137.462875,22.32461548,122.664360,19.92126656
06:38,102.174332,16.59358978,139.011414,22.57610512,125.168182,20.32789993
06:39,145.098404,23.56466103,139.435730,22.64501572,117.223862,19.03770447
06:40,127.896408,20.77097511,140.047943,22.74444199,125.379524,20.36222267
06:41,128.972122,20.94567680,139.325714,22.62714958,120.285004,19.53484917
06:42,112.769691,18.31432724,135.333282,21.97875977,104.033340,16.89550209
06:43,114.664101,18.62198639,134.909637,21.90995789,141.885422,23.04285812
06:44,110.589699,17.96028519,135.086853,21.93873787,132.520599,21.52196693
06:45,100.908218,16.38796806,136.081299,22.10024071,131.996689,21.43688011
06:46,105.458611,17.12697220,136.346832,22.14336395,125.052612,20.30912971
06:47,109.999481,17.86443138,136.738297,22.20693970,131.609634,21.37402153
06:48,116.672745,18.94820023,132.960861,21.59346771,106.922073,17.36464500
06:49,124.240868,20.17729950,127.114838,20.64404488,102.443733,16.63734245
06:50,123.431694,20.04588509,121.889885,19.79548836,106.015167,17.21735954
06:51,125.440338,20.37209892,116.792793,18.96769714,104.252388,16.93107605
06:52,123.631607,20.07835197,112.412888,18.25638008,104.917419,17.03907967
06:53,119.300171,19.37490654,109.455353,17.77606201,108.261169,17.58212090
06:54,121.489685,19.73049355,107.008972,17.37875938,106.450783,17.28810692
06:55,116.806023,18.96984482,105.705582,17.16708183,110.310829,17.91499519
06:56,125.982956,20.46022224,105.458923,17.12702370,115.003479,18.67710304
06:57,125.630730,20.40301895,104.997528,17.05208969,115.206085,18.71000862
06:58,123.222260,20.01187325,104.406158,16.95604897,118.086990,19.17788124
06:59,135.150375,21.94905472,103.370811,16.78790474,118.577736,19.25757980
07:00,114.616508,18.61425781,105.332718,17.10652733,138.245575,22.45172882
07:01,123.288902,20.02269554,108.089668,17.55426788,134.251282,21.80303764
07:02,139.786438,22.70197296,111.103348,18.04370499,134.707092,21.87706375
07:03,103.687958,16.83941078,113.168510,18.37909698,131.796310,21.40433884
07:04,105.896515,17.19808960,114.867241,18.65497780,134.239990,21.80120277
07:05,105.363411,17.11151123,115.266479,18.71981621,133.017136,21.60260582
07:06,96.405426,15.65669250,115.097168,18.69231987,141.366516,22.95858383
07:07,91.578964,14.87285328,114.124207,18.53430557,142.291916,23.10887337
07:08,87.371284,14.18950558,113.066643,18.36255264,139.791901,22.70285988
07:09,92.540451,15.02900314,112.166237,18.21632195,132.709137,21.55258560
07:10,115.987335,18.83688736,113.928009,18.50244331,135.928268,22.07538795
07:11,106.077385,17.22746468,116.319061,18.89076042,130.082764,21.12605095
07:12,109.828125,17.83660126,118.245041,19.20354843,128.966492,20.94476318
07:13,112.931526,18.34060860,118.647392,19.26889229,123.037216,19.98182106
07:14,101.327080,16.45599174,118.678497,19.27394485,122.327248,19.86651802
07:15,90.284294,14.66259289,119.319000,19.37796402,126.708710,20.57808876
07:16,131.609070,21.37392998,118.708748,19.27885628,121.255280,19.69242477
07:17,97.167000,15.78037643,117.990295,19.16217613,128.090302,20.80246544
07:18,110.627777,17.96646881,116.911392,18.98695755,127.207901,20.65915871
07:19,125.659294,20.40765762,114.942108,18.66713715,122.444748,19.88560104
07:20,121.004189,19.65164757,113.131378,18.37306595,122.307678,19.86334038
07:21,123.545929,20.06443787,111.477074,18.10439873,118.785767,19.29136467
07:22,126.896843,20.60864258,109.778984,17.82862091,114.692589,18.62661362
07:23,128.591339,20.88383675,108.834366,17.67521095,116.934998,18.99079132
07:24,108.676247,17.64953232,108.564087,17.63131714,119.525162,19.41144562
07:25,110.951447,18.01903534,108.539185,17.62727165,124.609398,20.23715019
07:26,108.638168,17.64334679,107.764435,17.50144958,125.674141,20.41006851
07:27,113.864456,18.49212074,106.165695,17.24180603,125.059219,20.31020355
07:28,118.900345,19.30997276,104.101479,16.90656853,122.081764,19.82665062
07:29,112.979126,18.34833908,102.080887,16.57841492,118.306686,19.21356010
07:30,110.123238,17.88452911,100.443031,16.31241989,117.747383,19.12272644
07:31,125.554573,20.39065170,99.361618,16.13679314,121.974472,19.80922508
07:32,145.031769,23.55383873,98.735596,16.03512383,125.437866,20.37169647
07:33,139.472290,22.65095329,98.103722,15.93250370,124.570282,20.23079681
07:34,118.490997,19.24349403,97.362907,15.81219196,123.347092,20.03214645
07:35,120.632919,19.59135056,97.106644,15.77057362,122.812790,19.94537354
07:36,118.310127,19.21411896,97.302567,15.80239296,118.733063,19.28280640
07:37,118.510040,19.24658585,98.007751,15.91691780,118.111359,19.18183899
07:38,120.337814,19.54342461,99.334824,16.13244057,121.854599,19.78975868
07:39,122.536850,19.90055847,100.400307,16.30548096,121.101524,19.66745567
07:40,110.218430,17.89999008,101.463882,16.47821045,124.869705,20.27942467
07:41,113.864456,18.49212074,102.637428,16.66879845,126.689697,20.57500076
07:42,117.129692,19.02241135,103.923538,16.87767029,124.739166,20.25822449
07:43,120.452049,19.56197739,104.296478,16.93823624,119.399796,19.39108658
07:44,121.860954,19.79079056,104.173599,16.91828156,120.509232,19.57126427
07:45,122.327415,19.86654472,103.220963,16.76356888,116.688271,18.95072174
07:46,125.573616,20.39374352,102.963020,16.72167778,117.696121,19.11440086
07:47,120.471085,19.56506920,102.948334,16.71929169,110.437546,17.93557549
07:48,124.145668,20.16183853,103.089264,16.74217987,106.383888,17.27724266
07:49,109.675812,17.81186485,103.174850,16.75607872,108.260330,17.58198547
07:50,117.044014,19.00849724,103.613831,16.82737160,117.050903,19.00961494
07:51,128.772217,20.91321182,104.143951,16.91346550,120.265747,19.53172112
07:52,134.141296,21.78517532,104.474205,16.96710014,117.376312,19.06246376
07:53,106.391533,17.27848434,104.273666,16.93453217,111.985916,18.18703842
07:54,113.683578,18.46274567,104.592392,16.98629379,112.994469,18.35083199
07:55,107.048386,17.38515854,104.942307,17.04312325,110.711121,17.98000526
07:56,110.408821,17.93091011,106.347763,17.27137566,118.299133,19.21233368
07:57,118.024536,19.16773796,108.968376,17.69697571,123.331833,20.02966690
07:58,107.657646,17.48410606,109.007034,17.70325279,103.788521,16.85574150
07:59,109.675812,17.81186485,109.792068,17.83074570,117.612816,19.10087204
08:00,101.879219,16.54566193,109.945343,17.85563850,115.667366,18.78492165
08:01,122.946190,19.96703720,112.349129,18.24602509,134.349518,21.81899071
08:02,133.094131,21.61511040,114.660294,18.62136841,134.475952,21.83952522
08:03,148.896744,24.18152809,116.515594,18.92267799,137.948273,22.40344620
08:04,149.658310,24.30521011,114.707016,18.62895775,116.098221,18.85489464
08:05,132.818069,21.57027626,111.713867,18.14285469,114.460487,18.58891869
08:06,149.620239,24.29902840,108.002037,17.54003716,111.270592,18.07086563
08:07,149.058578,24.20781136,104.145226,16.91367340,111.927658,18.17757607
08:08,136.959106,22.24279976,100.882141,16.38373184,115.228943,18.71372032
08:09,109.247429,17.74229431,97.951950,15.90785599,115.620674,18.77733994
08:10,110.161308,17.89071274,95.729408,15.54690456,116.176125,18.86754799
08:11,113.731178,18.47047615,94.521301,15.35070229,117.279198,19.04669189
08:12,98.195122,15.94734764,93.125618,15.12403679,113.154129,18.37676048
08:13,103.526123,16.81312752,91.892227,14.92372799,115.962471,18.83284950
08:14,112.046204,18.19682884,90.872627,14.75814056,120.414200,19.55583000
08:15,106.010750,17.21664238,90.016167,14.61904716,123.794228,20.10476303
08:16,107.248299,17.41762543,89.569534,14.54651165,123.286865,20.02236557
08:17,109.076073,17.71446609,89.294090,14.50177860,118.991791,19.32482529
08:18,106.086906,17.22901154,89.173256,14.48215485,116.784508,18.96635056
08:19,106.838959,17.35114670,89.415108,14.52143288,116.659866,18.94610977
08:20,111.884369,18.17054558,89.188454,14.48462296,113.461632,18.42670059
08:21,108.590569,17.63561630,89.161484,14.48024273,118.522141,19.24855042
08:22,112.741135,18.30968857,89.154366,14.47908688,122.477463,19.89091301
08:23,103.202454,16.76056290,89.349434,14.51076698,126.522682,20.54787636
08:24,108.790482,17.66808319,89.396713,14.51844501,124.068832,20.14936066
08:25,112.122360,18.20919609,89.389694,14.51730537,117.976547,19.15994453
08:26,156.579086,25.42917824,89.813255,14.58609390,114.475502,18.59135818
08:27,148.953857,24.19080353,90.103958,14.63330460,112.904236,18.33617783
08:28,153.704163,24.96227646,90.269554,14.66019821,115.581505,18.77097893
08:29,156.350616,25.39207268,90.305786,14.66608334,117.512375,19.08456039
08:30,154.789398,25.13852310,90.321281,14.66859913,116.556534,18.92932701
08:31,164.813583,26.76649857,90.491707,14.69627762,112.608780,18.28819275
08:32,163.166687,26.49903488,95.660370,15.53569221,135.273087,21.96898270
08:33,142.946960,23.21525574,103.179237,16.75679207,136.810181,22.21861458
08:34,135.188461,21.95524025,111.049667,18.03498650,137.683273,22.36040878
08:35,154.132538,25.03184700,118.949341,19.31793022,140.339035,22.79171753
08:36,157.483459,25.57605171,124.533295,20.22479057,126.658188,20.56988335
08:37,149.429840,24.26810646,128.077744,20.80042648,119.787079,19.45398331
08:38,138.910629,22.55973625,130.415161,21.18003273,118.183075,19.19348526
08:39,140.243378,22.77618217,132.104675,21.45441818,120.268570,19.53217888
08:40,148.382675,24.09804153,133.187439,21.63026428,125.230957,20.33809471
08:41,138.196655,22.44378471,133.960327,21.75578499,131.465012,21.35053444
08:42,143.013596,23.22607803,134.604355,21.86037827,134.531860,21.84860420
08:43,133.132217,21.62129593,134.865204,21.90274048,133.661850,21.70731163
08:44,133.846191,21.73724937,135.212906,21.95920944,135.050003,21.93275261
08:45,136.787750,22.21497154,135.426651,21.99392319,134.333420,21.81637764
08:46,135.959549,22.08046722,135.318161,21.97630310,137.128082,22.27024269
08:47,139.710281,22.68960381,134.539078,21.84977722,138.807251,22.54294777
08:48,141.595169,22.99571991,133.688889,21.71170235,139.723618,22.69177055
08:49,131.847061,21.41258049,133.019806,21.60304070,136.268448,22.13063431
08:50,139.262863,22.61694145,132.075668,21.44970703,128.295471,20.83578491
08:51,130.971252,21.27034569,131.421600,21.34348297,124.429092,20.20786858
08:52,125.202347,20.33344841,131.132599,21.29654884,125.349434,20.35733604
08:53,127.658417,20.73232460,130.857925,21.25193977,129.163574,20.97677040
08:54,133.551071,21.68931961,129.701874,21.06419182,125.818115,20.43345070
08:55,137.739716,22.36957550,129.046478,20.95775223,131.246643,21.31506920
08:56,139.120071,22.59375191,127.839508,20.76173592,127.305992,20.67508888
08:57,128.286713,20.83436394,126.563889,20.55456924,129.913055,21.09848976
08:58,143.651413,23.32966232,126.856323,20.60206223,138.802643,22.54220009
08:59,138.025314,22.41595840,127.170868,20.65314484,133.545074,21.68834686
09:00,160.215591,26.01976204,127.072601,20.63718605,129.602386,21.04803467
09:01,131.780426,21.40175819,126.128830,20.48391342,122.090332,19.82804298
09:02,137.482681,22.32783127,125.022430,20.30422783,117.869942,19.14263153
09:03,136.464081,22.16240692,125.616272,20.40067101,121.610809,19.75016594
09:04,146.773865,23.83676338,126.400444,20.52802467,115.534386,18.76332474
09:05,142.585220,23.15650749,127.301414,20.67434692,119.612144,19.42557335
09:06,115.178162,18.70547295,128.930298,20.93888474,129.544235,21.03859138
09:07,118.605232,19.26204491,130.009598,21.11416817,128.528641,20.87365341
09:08,115.511353,18.75958443,131.167038,21.30214119,129.316925,21.00167465
09:09,124.297981,20.18657494,130.794876,21.24170113,119.174408,19.35448265
09:10,120.175980,19.51714134,129.625122,21.05172729,117.447586,19.07403755
09:11,113.245674,18.39162827,127.712494,20.74110794,117.667694,19.10978508
09:12,114.445152,18.58642960,125.806427,20.43155289,125.703308,20.41480637
09:13,122.889076,19.95776176,124.709503,20.25340843,132.948639,21.59148216
09:14,123.669685,20.08453560,123.368042,20.03554726,129.162689,20.97662544
09:15,111.360786,18.08551407,121.957504,19.80647087,126.106354,20.48026276
09:16,121.356415,19.70885086,121.066360,19.66174507,123.842896,20.11266708
09:17,118.814667,19.29605865,120.444748,19.56079102,122.880630,19.95639038
09:18,120.737633,19.60835648,120.307480,19.53849792,130.599396,21.20995331
09:19,120.261658,19.53105736,119.745605,19.44724655,134.325836,21.81514549
09:20,114.645065,18.61889648,119.781601,19.45309258,141.759781,23.02245331
09:21,119.471519,19.40273476,120.302185,19.53763771,140.983704,22.89641380
09:22,132.418243,21.50534248,120.651039,19.59429359,133.669983,21.70863152
09:23,116.044449,18.84616280,121.169060,19.67842293,129.808533,21.08151436
09:24,113.597900,18.44883156,121.557831,19.74156189,129.711456,21.06574821
09:25,118.367249,19.22339630,121.637581,19.75451279,133.340027,21.65504456
09:26,119.937988,19.47849083,121.579956,19.74515533,136.522095,22.17182732
09:27,116.920258,18.98839760,121.469170,19.72716331,134.389328,21.82545662
09:28,117.681831,19.11208153,121.865280,19.79149246,129.023361,20.95399857
09:29,125.954399,20.45558548,122.198883,19.84567070,120.557487,19.57910156
09:30,121.651520,19.75677681,122.787262,19.94122696,124.697281,20.25142288
09:31,119.166893,19.35326195,123.605469,20.07410812,131.917191,21.42396927
09:32,120.937546,19.64082336,124.554276,20.22819710,131.706879,21.38981438
09:33,130.599991,21.21005058,125.343338,20.35634613,124.842148,20.27495003
09:34,115.282883,18.72248077,126.165375,20.48984718,120.257431,19.53037071
09:35,120.252136,19.52951050,126.679901,20.57341003,115.931778,18.82786369
09:36,127.096756,20.64110947,126.832611,20.59821129,116.275650,18.88371086
09:37,119.833267,19.46148491,127.664688,20.73334312,128.072372,20.79955292
09:38,120.785233,19.61608696,128.095978,20.80338669,129.966324,21.10713959
09:39,119.652397,19.43210983,128.062103,20.79788589,132.333740,21.49161911
09:40,116.472839,18.91573524,128.297668,20.83614349,137.893936,22.39462090
09:41,123.393616,20.03970146,129.240509,20.98926353,141.430588,22.96899033
09:42,116.196770,18.87089920,130.023727,21.11646271,140.130554,22.75785828
09:43,129.286270,20.99669647,130.719452,21.22945213,145.738510,23.66861725
09:44,131.447235,21.34764671,131.321899,21.32729149,148.901093,24.18223572
09:45,135.845306,22.06191444,131.598663,21.37224007,143.898422,23.36977768
09:46,125.506973,20.38292122,131.894226,21.42024040,137.657196,22.35617447
09:47,130.009766,21.11419487,132.206512,21.47095680,132.425247,21.50648117
09:48,119.576241,19.41974258,132.755554,21.56012344,134.970001,21.91975975
09:49,136.321289,22.13921547,133.198654,21.63208580,141.446121,22.97151375
09:50,120.423485,19.55733871,133.677902,21.70991707,148.404388,24.10156822
09:51,131.609070,21.37392998,134.426117,21.83143044,148.349655,24.09267998
09:52,125.925842,20.45094681,134.192780,21.79353714,134.928848,21.91307640
09:53,125.050034,20.30871201,134.544907,21.85072327,137.794449,22.37846375
09:54,137.577881,22.34329224,134.510712,21.84516907,134.820953,21.89555550
09:55,133.703384,21.71405602,135.264191,21.96753883,148.826431,24.17011070
09:56,132.437271,21.50843430,135.758530,22.04782104,149.676788,24.30821228
09:57,143.099274,23.23999214,136.250259,22.12767982,148.322418,24.08825493
09:58,136.768723,22.21188164,137.850189,22.38751602,150.672546,24.46992683
09:59,130.504791,21.19458961,139.724609,22.69193077,146.075989,23.72342491
10:00,147.030884,23.87850380,141.027039,22.90345192,138.001389,22.41207314
10:01,140.062515,22.74680901,142.209625,23.09551048,140.139572,22.75932312
10:02,133.827148,21.73415565,142.452209,23.13490677,140.921509,22.88631248
10:03,128.210556,20.82199478,142.990097,23.22226143,152.984955,24.84547424
10:04,131.342514,21.33063889,144.247986,23.42654800,156.008667,25.33653831
10:05,143.118317,23.24308586,145.944702,23.70210266,151.077164,24.53563881
10:06,127.734573,20.74469376,146.560638,23.80213356,137.973648,22.40756607
10:07,118.005501,19.16464615,146.207947,23.74485588,133.362991,21.65877533
10:08,111.989082,18.18755150,144.763062,23.51020050,134.586823,21.85753059
10:09,114.949692,18.66836929,144.296692,23.43445969,151.888947,24.66747665
10:10,112.246117,18.22929573,144.325699,23.43916893,152.606979,24.78408813
10:11,111.884369,18.17054558,143.321106,23.27602005,137.230759,22.28691864
10:12,111.351265,18.08396721,143.626892,23.32567978,148.086441,24.04993248
10:13,106.857994,17.35423851,145.728378,23.66697121,159.544510,25.91077614
10:14,111.294151,18.07469177,147.460571,23.94828796,157.420822,25.56587982
10:15,106.029785,17.21973419,148.284271,24.08205986,156.349976,25.39196777
10:16,114.483231,18.59261322,148.213699,24.07059860,150.804932,24.49142838
10:17,116.396683,18.90336609,145.270111,23.59254646,125.729477,20.41905594
10:18,112.265152,18.23238754,141.047104,22.90671158,119.312042,19.37683487
10:19,103.906906,16.87496758,136.367401,22.14670563,115.469521,18.75279045
10:20,107.400620,17.44236374,132.354095,21.49492455,119.744965,19.44714355
10:21,102.298088,16.61368942,128.498322,20.86872864,119.863174,19.46634102
10:22,104.935028,17.04194069,125.737839,20.42041397,123.551559,20.06535149
10:23,109.647247,17.80722618,123.327553,20.02897263,119.214622,19.36101341
10:24,113.969170,18.50912666,121.169075,19.67842484,117.378922,19.06288719
10:25,117.691353,19.11362648,119.258118,19.36807632,117.827209,19.13569069
10:26,112.093803,18.20455933,117.772026,19.12672806,122.820709,19.94665909
10:27,110.389786,17.92781830,116.401756,18.90419006,128.111496,20.80590820
10:28,106.772316,17.34032440,115.425308,18.74561119,131.978622,21.43394661
10:29,110.494499,17.94482422,114.309555,18.56440735,124.959946,20.29408073
10:30,109.999481,17.86443138,113.505280,18.43379021,119.393036,19.38998795
10:31,106.372498,17.27539253,113.433098,18.42206573,116.217407,18.87425232
10:32,114.273796,18.55859947,113.443115,18.42369270,112.618423,18.28976059
10:33,109.866203,17.84278679,113.092484,18.36674881,112.589302,18.28503036
10:34,105.106384,17.06976891,112.644577,18.29400635,115.228775,18.71369362
10:35,110.561134,17.95564651,112.026863,18.19368744,115.177902,18.70543098
10:36,109.504456,17.78403664,111.460754,18.10174942,117.050049,19.00947571
10:37,107.115028,17.39598274,111.115021,18.04560089,120.733734,19.60772514
10:38,108.419220,17.60778999,110.694519,17.97730827,121.737907,19.77080727
10:39,101.688828,16.51474190,110.199623,17.89693451,122.847977,19.95108795
10:40,117.596153,19.09816551,109.988602,17.86266518,124.602570,20.23604202
10:41,109.980438,17.86133766,109.719650,17.81898499,123.210960,20.01003647
10:42,112.731613,18.30814171,109.390594,17.76554489,122.804825,19.94407845
10:43,113.102882,18.36843872,109.312836,17.75291634,122.506577,19.89564133
10:44,122.003746,19.81398010,109.493286,17.78222275,119.667099,19.43449783
10:45,115.968292,18.83379364,109.717033,17.81855965,119.016678,19.32886696
10:46,106.810394,17.34650803,109.528976,17.78801918,121.777657,19.77726173
10:47,106.343933,17.27075386,109.392044,17.76578140,125.695419,20.41352463
10:48,119.890388,19.47076035,109.085785,17.71604347,121.959213,19.80674744
10:49,127.696495,20.73851013,109.181229,17.73154259,118.669983,19.27256203
10:50,117.462875,19.07652092,109.686279,17.81356621,115.966827,18.83355713
10:51,113.359909,18.41018105,109.919662,17.85146904,112.898575,18.33525848
10:52,109.628212,17.80413628,110.044563,17.87175369,114.841484,18.65079498
10:53,106.667603,17.32331848,110.095505,17.88002586,116.351410,18.89601517
10:54,107.343498,17.43308640,110.522774,17.94941711,117.672852,19.11062241
10:55,116.806023,18.96984482,110.597771,17.96159554,114.774345,18.63989067
10:56,116.177727,18.86780739,110.292168,17.91196442,113.446251,18.42420197
10:57,120.756676,19.61145020,109.752060,17.82424927,112.463150,18.26454353
10:58,122.355972,19.87118340,109.248581,17.74248123,114.236839,18.55259895
10:59,124.726364,20.25614548,109.425301,17.77118111,120.383064,19.55077362
11:00,118.786110,19.29141998,109.940063,17.85478210,123.697723,20.08909035
11:01,109.314064,17.75311661,110.405907,17.93043709,126.362320,20.52183342
11:02,103.726036,16.84559441,111.978073,18.18576431,134.517761,21.84631538
11:03,140.205307,22.76999855,114.370499,18.57430458,135.136139,21.94674301
11:04,156.664764,25.44309235,117.909363,19.14903259,137.722809,22.36682892
11:05,187.660721,30.47698021,119.102859,19.34286308,125.571938,20.39347076
11:06,185.138016,30.06728172,119.428360,19.39572525,126.057236,20.47228622
11:07,178.103012,28.92476463,119.374680,19.38700676,124.185448,20.16829872
11:08,162.700226,26.42327881,120.294952,19.53646469,129.410538,21.01687813
11:09,147.068970,23.88468933,120.489685,19.56809044,125.735535,20.42004013
11:10,145.564865,23.64041710,120.702026,19.60257530,134.814545,21.89451408
11:11,147.925735,24.02383232,120.487511,19.56773567,139.652939,22.68029213
11:12,141.461899,22.97407532,121.544044,19.73932266,149.067688,24.20929146
11:13,136.806793,22.21806526,122.375481,19.87435150,138.582977,22.50652504
11:14,141.290543,22.94624710,122.331833,19.86726379,125.927933,20.45128632
11:15,148.373154,24.09649467,122.150261,19.83777428,121.028526,19.65559959
11:16,142.861282,23.20134163,121.645782,19.75584602,117.354080,19.05885315
11:17,141.966446,23.05601692,121.280235,19.69647789,121.016342,19.65362167
11:18,154.284866,25.05658531,120.580391,19.58282089,120.761429,19.61222267
11:19,139.643646,22.67878342,120.537201,19.57580566,126.198380,20.49520874
11:20,134.236496,21.80063629,120.774765,19.61438751,125.922180,20.45035172
11:21,134.198410,21.79445076,120.565399,19.58038521,121.220978,19.68685532
11:22,133.893784,21.74497795,121.022621,19.65464020,123.645187,20.08055878
11:23,129.114929,20.96887016,121.012566,19.65300751,120.653244,19.59465218
11:24,136.073776,22.09901810,120.291656,19.53592873,123.674248,20.08527756
11:25,140.490891,22.81637955,119.835411,19.46183205,132.440094,21.50889206
11:26,127.372826,20.68594360,119.396523,19.39055443,131.786316,21.40271568
11:27,128.048721,20.79571152,119.029869,19.33100891,129.263763,20.99304008
11:28,138.377533,22.47315979,118.651329,19.26953125,125.814514,20.43286705
11:29,130.714218,21.22860146,118.355484,19.22148514,125.701721,20.41454887
11:30,128.181992,20.81735611,118.135078,19.18568993,126.652290,20.56892586
11:31,127.153877,20.65038490,118.058083,19.17318535,125.253036,20.34168053
11:32,130.257278,21.15439224,118.160103,19.18975449,122.222412,19.84949303
11:33,136.987671,22.24744034,118.335754,19.21828079,119.592239,19.42234039
11:34,127.153877,20.65038490,118.185974,19.19395638,116.929718,18.98993492
11:35,121.651520,19.75677681,118.199951,19.19622612,121.078827,19.66376877
11:36,130.438156,21.18376732,118.227562,19.20071030,126.040894,20.46963120
11:37,125.354660,20.35818481,118.323837,19.21634483,129.151611,20.97482681
11:38,119.300171,19.37490654,118.482651,19.24213791,127.149956,20.64974785
11:39,121.841911,19.78769684,118.270370,19.20766258,123.152771,20.00058746
11:40,123.774399,20.10154152,118.448975,19.23666763,126.741638,20.58343506
11:41,112.407951,18.25557899,118.043762,19.17086029,122.325676,19.86626244
11:42,113.607422,18.45037842,118.420700,19.23207664,132.143646,21.46074677
11:43,115.892136,18.82142639,118.953102,19.31854057,136.304810,22.13653946
11:44,117.024979,19.00540543,119.312927,19.37697792,136.855026,22.22589684
11:45,121.746719,19.77223778,120.074043,19.50058746,133.944382,21.75319481
11:46,119.928467,19.47694588,120.287552,19.53526306,120.359093,19.54688072
11:47,119.366806,19.38572884,120.722946,19.60597229,115.538223,18.76394844
11:48,116.358597,18.89718056,120.724037,19.60614967,112.775818,18.31532097
11:49,117.919823,19.15073204,121.437057,19.72194672,123.400146,20.04076195
11:50,122.946190,19.96703720,121.737137,19.77068138,122.820312,19.94659424
11:51,116.368118,18.89872742,122.057854,19.82276726,122.275169,19.85806084
11:52,124.079033,20.15101624,122.813911,19.94555473,122.369095,19.87331390
11:53,123.288902,20.02269554,122.982468,19.97292900,117.617905,19.10169983
11:54,134.065140,21.77280617,122.719849,19.93027878,117.520638,19.08590317
11:55,121.718163,19.76759911,122.676941,19.92330933,122.399719,19.87828827
11:56,114.940170,18.66682243,123.482651,20.05416107,130.119980,21.13209534
11:57,117.462875,19.07652092,124.275925,20.18299294,128.828735,20.92238998
11:58,118.900345,19.30997276,125.231979,20.33826065,129.267059,20.99357605
11:59,124.992912,20.29943466,125.796432,20.42992973,124.323624,20.19073868
12:00,112.655457,18.29577446,125.488495,20.37991905,120.997620,19.65058136
12:01,123.022346,19.97940636,125.144424,20.32404137,128.000824,20.78793335
12:02,113.150482,18.37616920,124.848373,20.27596092,130.570084,21.20519257
12:03,125.050034,20.30871201,124.560471,20.22920418,126.685966,20.57439423
12:04,111.170395,18.05459404,124.319519,20.19007301,119.838120,19.46227264
12:05,113.483665,18.43027878,125.161339,20.32678795,120.216003,19.52364159
12:06,116.149170,18.86316872,126.094025,20.47826004,117.612808,19.10087204
12:07,118.881302,19.30688095,126.927872,20.61368179,122.887711,19.95754051
12:08,120.099823,19.50477409,127.104568,20.64237785,125.475960,20.37788391
12:09,116.710831,18.95438576,126.663612,20.57076454,123.427490,20.04520226
12:10,120.918510,19.63773346,126.830490,20.59786606,123.485138,20.05456543
12:11,116.720345,18.95593071,127.590988,20.72137451,121.939087,19.80347824
12:12,119.861832,19.46612358,128.133652,20.80950546,119.113937,19.34466171
12:13,125.992477,20.46176910,128.901077,20.93413925,123.196449,20.00768089
12:14,123.736320,20.09535789,129.540237,21.03794098,124.662872,20.24583435
12:15,126.582695,20.55762291,129.387451,21.01312828,121.954567,19.80599403
12:16,113.245674,18.39162827,129.325165,21.00301361,126.591782,20.55909920
12:17,102.117210,16.58431435,129.176392,20.97885132,128.444748,20.86002922
12:18,106.743759,17.33568764,130.186615,21.14291573,135.375839,21.98567009
12:19,103.173897,16.75592422,132.542908,21.52558899,136.362274,22.14587212
12:20,110.970482,18.02212715,133.521133,21.68445778,125.740417,20.42083359
12:21,105.886993,17.19654465,133.131409,21.62116432,123.804077,20.10636139
12:22,103.783150,16.85486984,132.832855,21.57267761,130.242569,21.15200424
12:23,106.420090,17.28312111,130.292419,21.16009903,119.628036,19.42815399
12:24,107.676682,17.48719788,127.501770,20.70688438,123.304764,20.02527237
12:25,106.934151,17.36660767,123.916290,20.12458611,118.176689,19.19244766
12:26,110.418343,17.93245697,120.360428,19.54709816,121.589066,19.74663353
12:27,99.632584,16.18079758,116.800781,18.96899414,123.012505,19.97780800
12:28,98.223679,15.95198536,114.240654,18.55321693,125.070145,20.31197739
12:29,113.169518,18.37925911,112.491943,18.26921844,119.806641,19.45715904
12:30,111.551178,18.11643410,110.636375,17.96786499,110.178612,17.89352226
12:31,102.402802,16.63069534,109.106659,17.71943283,108.651810,17.64556313
12:32,103.316689,16.77911377,107.583221,17.47201920,108.964142,17.69628716
12:33,100.955818,16.39569855,106.250916,17.25564575,110.519379,17.94886589
12:34,105.439568,17.12388039,105.342529,17.10811996,108.232956,17.57753944
12:35,104.735115,17.00947380,104.875870,17.03233337,103.239540,16.76658440
12:36,101.174767,16.43125534,104.224144,16.92648888,97.473648,15.83017731
12:37,99.242279,16.11741066,103.678055,16.83780289,96.104927,15.60789013
12:38,108.400177,17.60469627,102.941742,16.71822166,94.700798,15.37985325
12:39,99.784904,16.20553589,102.352837,16.62257957,98.122284,15.93551826
12:40,105.877472,17.19499779,101.992966,16.56413651,102.748161,16.68678284
12:41,105.306297,17.10223579,102.041054,16.57194519,107.377983,17.43868828
12:42,103.611801,16.82704163,102.051628,16.57366180,107.779137,17.50383759
12:43,102.859749,16.70490456,101.992943,16.56413269,107.233490,17.41522217
12:44,98.176079,15.94425488,101.480721,16.48094368,103.950409,16.88203430
12:45,100.546471,16.32921791,100.706177,16.35515594,103.660149,16.83489418
12:46,95.938965,15.58093739,100.323402,16.29299164,105.554436,17.14253426
12:47,99.689705,16.19007492,100.635300,16.34364510,104.503960,16.97193336
12:48,99.118523,16.09731293,100.483719,16.31902695,94.967445,15.42315769
12:49,102.450401,16.63842583,100.418304,16.30840302,92.963463,15.09770203
12:50,99.604027,16.17616081,100.269485,16.28423500,94.411720,15.33290577
12:51,156.426773,25.40444183,99.984749,16.23799133,99.630585,16.18047333
12:52,149.896301,24.34386253,99.515572,16.16179466,104.476959,16.96754837
12:53,173.124237,28.11618805,99.357529,16.13612747,106.268463,17.25849724
12:54,160.434555,26.05532265,101.912933,16.55113792,115.028030,18.68109131
12:55,94.501495,15.34748554,105.599060,17.14978218,110.927704,18.01517868
12:56,97.642982,15.85767746,107.924225,17.52739906,100.898994,16.38646889
12:57,93.854164,15.24235630,110.856857,18.00367355,111.641647,18.13112640
12:58,102.117210,16.58431435,115.649429,18.78200912,126.807449,20.59412384
12:59,94.482460,15.34439468,120.093842,19.50380325,124.220642,20.17401505
13:00,99.061409,16.08803749,120.631744,19.59115982,104.394676,16.95418549
13:01,102.498001,16.64615631,118.589264,19.25945282,99.162262,16.10441589
13:02,98.423592,15.98445225,115.493866,18.75674438,94.579590,15.36016846
13:03,97.642982,15.85767746,112.027527,18.19379616,90.158005,14.64208221
13:04,95.605782,15.52682686,108.511307,17.62274551,90.036606,14.62236691
13:05,96.376869,15.65205479,105.573410,17.14561653,94.040802,15.27266693
13:06,157.197876,25.52967262,103.073135,16.73956108,93.506424,15.18588161
13:07,158.492538,25.73993111,101.087654,16.41710854,90.898178,14.76229000
13:08,147.573517,23.96663094,99.716454,16.19441986,87.860451,14.26894855
13:09,94.215912,15.30110550,98.660423,16.02291489,84.842140,13.77876091
13:10,98.223679,15.95198536,99.589592,16.17381668,92.465202,15.01678181
13:11,96.414948,15.65823936,103.064186,16.73810768,102.734192,16.68451500
13:12,92.026390,14.94551659,103.955482,16.88285828,88.461349,14.36653805
13:13,100.308479,16.29056740,103.199020,16.76000404,88.623589,14.39288616
13:14,119.880867,19.46921539,102.432678,16.63554764,94.466682,15.34183216
13:15,123.098511,19.99177551,101.409088,16.46931076,96.457535,15.66515541
13:16,144.222595,23.42242622,99.556885,16.16850471,98.153427,15.94057655
13:17,139.567490,22.66641426,97.751335,15.87527466,104.293938,16.93782425
13:18,145.393509,23.61258698,95.822014,15.56194401,102.172577,16.59330559
13:19,166.717514,27.07570648,94.340408,15.32132435,99.282288,16.12390900
13:20,144.517700,23.47035217,94.073349,15.27795315,99.910637,16.22595596
13:21,145.926605,23.69916534,95.360474,15.48698807,102.374481,16.62609482
13:22,149.420319,24.26655960,97.456367,15.82737064,104.285698,16.93648529
13:23,144.717621,23.50281906,101.768784,16.52772713,119.147484,19.35010910
13:24,135.892914,22.06964684,104.952362,17.04475594,115.350647,18.73348618
13:25,141.347672,22.95552444,108.090225,17.55435944,121.181786,19.68049049
13:26,144.355865,23.44406891,108.562935,17.63113022,106.658112,17.32177734
13:27,155.074982,25.18490410,110.346909,17.92085457,113.602928,18.44964790
13:28,147.640152,23.97745323,114.211861,18.54854202,117.568352,19.09365082
13:29,142.899368,23.20752716,116.474236,18.91596222,108.497047,17.62042809
13:30,135.778671,22.05109215,116.918289,18.98807716,106.626663,17.31666946
13:31,139.767410,22.69888306,115.058670,18.68606758,99.881210,16.22117615
13:32,143.699020,23.33739471,112.772705,18.31481552,100.751602,16.36253166
13:33,131.761383,21.39866638,109.577415,17.79588509,96.408852,15.65724945
13:34,140.462341,22.81174278,106.189590,17.24568748,95.856720,15.56758022
13:35,102.669350,16.67398262,102.492363,16.64524078,94.020210,15.26932240
13:36,104.325768,16.94299316,100.861954,16.38045311,101.986176,16.56303215
13:37,114.692665,18.62662697,98.517365,15.99968147,92.918114,15.09033680
13:38,128.762695,20.91166496,97.089355,15.76776600,97.339645,15.80841446
13:39,145.345917,23.60485840,96.248299,15.63117504,97.282852,15.79919147
13:40,119.699997,19.43984032,96.612068,15.69025230,99.345154,16.13411903
13:41,141.861725,23.03900909,97.703728,15.86754322,99.137512,16.10039711
13:42,137.397018,22.31391907,98.964615,16.07231712,100.594833,16.33707237
13:43,128.153442,20.81271935,102.292343,16.61275673,110.847763,18.00219536
13:44,134.493515,21.84237671,104.797058,17.01953316,104.750549,17.01198006
13:45,140.300507,22.78545952,106.527077,17.30049706,102.057152,16.57456017
13:46,125.211868,20.33499336,107.856590,17.51641655,98.970985,16.07335091
13:47,119.585762,19.42128754,108.983246,17.69939041,97.932671,15.90472507
13:48,142.271072,23.10548973,109.094452,17.71745110,96.251999,15.63177586
13:49,115.159126,18.70238113,108.315971,17.59102058,95.055801,15.43750763
13:50,129.562347,21.04153252,108.370178,17.59982491,96.318390,15.64255810
13:51,128.467590,20.86373901,107.554901,17.46742058,86.577904,14.06065750
13:52,129.990723,21.11110306,108.163132,17.56620026,90.429893,14.68623829
13:53,128.124878,20.80808067,110.335266,17.91896439,94.194847,15.29768467
13:54,124.669250,20.24687004,112.680916,18.29990959,96.476555,15.66824436
13:55,121.965668,19.80779648,113.500572,18.43302536,94.441261,15.33770370
13:56,135.597794,22.02171707,114.004036,18.51478958,98.948952,16.06977272
13:57,127.068199,20.63647079,113.733063,18.47078323,99.070084,16.08944511
13:58,129.362427,21.00906372,113.128113,18.37253571,103.453415,16.80131912
13:59,112.883926,18.33287811,111.739319,18.14698982,103.163010,16.75415611
14:00,107.676682,17.48719788,110.356529,17.92241669,105.728622,17.17082405
14:01,133.151245,21.62438583,109.735809,17.82160950,108.960129,17.69563484
14:02,125.154747,20.32571793,109.853378,17.84070396,109.593262,17.79846001
14:03,124.431259,20.20821953,109.612930,17.80165291,104.873589,17.03196144
14:04,115.025848,18.68073654,107.263344,17.42006874,95.175888,15.45701027
14:05,128.657974,20.89465714,106.116547,17.23382378,99.480156,16.15604401
14:06,154.341980,25.06586075,104.074524,16.90219116,92.725281,15.05902004
14:07,120.775711,19.61454201,104.029755,16.89492035,106.020126,17.21816444
14:08,123.212746,20.01032639,103.334488,16.78200531,103.337219,16.78244781
14:09,136.340332,22.14230919,103.082802,16.74113083,104.542488,16.97818947
14:10,132.370636,21.49761200,104.475998,16.96739197,105.861427,17.19239235
14:11,118.862267,19.30378914,104.388725,16.95321846,92.625778,15.04286003
14:12,118.529076,19.24967766,103.727631,16.84585381,93.782379,15.23069763
14:13,94.149269,15.29028225,103.739494,16.84778023,102.619263,16.66584969
14:14,90.836433,14.75226212,103.437973,16.79881096,102.282707,16.61119080
14:15,78.337143,12.72231865,104.966843,17.04710770,108.047554,17.54743004
14:16,91.664642,14.88676739,103.093941,16.74293900,86.272736,14.01109695
14:17,89.789276,14.58219910,99.963097,16.23447609,85.907700,13.95181274
14:18,88.009102,14.29309082,95.738693,15.54841232,82.657715,13.42399979
14:19,91.940712,14.93160248,90.690430,14.72855091,81.386520,13.21755219
14:20,95.386826,15.49126720,86.212914,14.00138092,84.736290,13.76157093
14:21,86.057571,13.97615242,82.257408,13.35898876,83.984657,13.63950157
14:22,99.946732,16.23181725,79.224876,12.86649132,82.957909,13.47275352
14:23,91.293381,14.82647324,77.808434,12.63645458,83.040581,13.48617935
14:24,89.218094,14.48943615,76.989876,12.50351620,79.230621,12.86742401
14:25,87.866310,14.26990032,76.046173,12.35025501,78.574875,12.76092815
14:26,84.153648,13.66694641,76.406097,12.40870857,86.643196,14.07126141
14:27,93.968399,15.26090813,77.377808,12.56651878,88.034882,14.29727745
14:28,72.653915,11.79933643,76.996132,12.50453281,81.144142,13.17818928
14:29,75.595490,12.27706146,77.093239,12.52030373,81.970238,13.31235027
14:30,78.765526,12.79189014,76.628220,12.44478226,77.676689,12.61505795
14:31,80.164917,13.01915836,76.517052,12.42672729,81.380318,13.21654510
14:32,80.498100,13.07326889,75.538902,12.26787186,83.247383,13.51976490
14:33,75.728760,12.29870510,73.786278,11.98323727,85.615730,13.90439606
14:34,78.137230,12.68985271,73.484810,11.93427753,89.618240,14.55442238
14:35,93.349625,15.16041660,72.941025,11.84596443,83.833229,13.61490917
14:36,75.528847,12.26623821,73.254730,11.89691162,86.103004,13.98353100
14:37,72.739594,11.81325054,73.291641,11.90290642,84.815987,13.77451324
14:38,81.411987,13.22168827,72.698509,11.80657864,86.352219,14.02400494
14:39,93.149712,15.12794971,72.774216,11.81887341,93.914978,15.25223255
14:40,118.053093,19.17237473,72.470314,11.76951885,93.440186,15.17512417
14:41,107.524368,17.46246147,71.658043,11.63760185,91.922165,14.92859077
14:42,94.282547,15.31192780,70.737511,11.48810291,87.471954,14.20585537
14:43,86.543076,14.05500126,69.398529,11.27064610,79.464859,12.90546513
14:44,94.225426,15.30265045,72.208847,11.72705555,92.072052,14.95293236
14:45,95.596260,15.52528095,78.008286,12.66891098,100.023094,16.24421883
14:46,75.823959,12.31416607,82.772881,13.44270325,95.811661,15.56026268
14:47,97.300278,15.80202103,85.194374,13.83596516,88.178207,14.32055378
14:48,86.305084,14.01634979,87.002846,14.12967014,84.426605,13.71127605
14:49,80.279152,13.03771019,87.185814,14.15938473,76.591774,12.43886280
14:50,72.082741,11.70657444,85.880234,13.94735241,75.119888,12.19982147
14:51,85.096092,13.82000446,84.431831,13.71212482,80.291603,13.03973293
14:52,71.540115,11.61845016,82.895210,13.46257019,83.185913,13.50978184
14:53,78.537056,12.75478554,80.349472,13.04913044,81.204826,13.18804455
14:54,92.692764,15.05373955,78.052826,12.67614460,82.440346,13.38869858
14:55,79.231995,12.86764717,77.023445,12.50896835,83.928177,13.63032913
14:56,85.591110,13.90039730,74.961929,12.17416859,78.043541,12.67463684
14:57,88.247093,14.33174133,73.396347,11.91991043,84.858322,13.78138924
14:58,85.029457,13.80918217,73.613220,11.95513153,93.482712,15.18203068
14:59,86.076614,13.97924519,73.774681,11.98135376,89.361580,14.51273918
15:00,81.621422,13.25570107,73.111099,11.87358475,84.090897,13.65675545
15:01,78.556099,12.75787830,72.659996,11.80032349,82.505005,13.39919949
15:02,84.839058,13.77826023,72.252556,11.73415375,80.170364,13.02004242
15:03,81.269196,13.19849777,72.326019,11.74608421,83.122810,13.49953365
15:04,74.957672,12.17347717,71.936241,11.68278313,84.561378,13.73316383
15:05,75.119507,12.19975948,70.655418,11.47477150,83.605690,13.57795620
15:06,79.641335,12.93412590,69.948273,11.35992718,83.181847,13.50912189
15:07,83.420631,13.54790115,68.854721,11.18232918,73.822609,11.98913765
15:08,76.947273,12.49659824,67.573814,10.97430420,69.431793,11.27604866
15:09,75.214699,12.21521950,66.038895,10.72502613,71.102219,11.54733372
15:10,78.080116,12.68057632,64.950653,10.54829025,78.380089,12.72929382
15:11,74.453133,12.09153748,64.209099,10.42785835,80.626602,13.09413815
15:12,81.878448,13.29744339,63.578884,10.32550907,77.404533,12.57085896
15:13,85.876701,13.94677830,62.284573,10.11530685,71.708199,11.64574718
15:14,79.831726,12.96504688,61.320709,9.95877075,72.381874,11.75515556
15:15,77.071030,12.51669598,60.468712,9.82040215,72.872559,11.83484459
15:16,75.938194,12.33271885,59.890671,9.72652531,75.510788,12.26330566
15:17,81.240639,13.19386005,60.142632,9.76744556,79.323349,12.88248348
15:18,79.117752,12.84909344,60.637169,9.84776020,77.478714,12.58290577
15:19,76.547455,12.43166542,60.703991,9.85861301,73.356232,11.91339588
15:20,72.539680,11.78078365,60.341217,9.79969597,71.106285,11.54799366
15:21,71.939941,11.68338394,59.891613,9.72667885,71.077454,11.54331112
15:22,71.178375,11.55970192,58.804573,9.55013847,70.541214,11.45622349
15:23,75.462212,12.25541687,58.249092,9.45992565,75.786583,12.30809593
15:24,84.934258,13.79372120,57.554871,9.34718037,73.846397,11.99300098
15:25,81.088326,13.16912365,56.823235,9.22835922,70.397514,11.43288612
15:26,71.340210,11.58598423,56.030098,9.09955025,65.186096,10.58652782
15:27,60.563972,9.83587265,55.346684,8.98856068,63.187752,10.26198673
15:28,68.122566,11.06342411,55.208241,8.96607685,69.510628,11.28885174
15:29,69.931297,11.35717010,54.607452,8.86850643,75.112259,12.19858265
15:30,87.209450,14.16322327,54.451511,8.84318066,81.959549,13.31061459
15:31,90.265259,14.65950108,54.155052,8.79503441,74.876099,12.16022968
15:32,76.242821,12.38219166,53.880226,8.75040150,66.864746,10.85914803
15:33,58.126942,9.44008732,54.093254,8.78499794,63.190269,10.26239586
15:34,64.733574,10.51303577,53.928993,8.75832081,61.513496,9.99007988
15:35,77.109108,12.52288055,53.852028,8.74582195,65.685127,10.66757202
15:36,82.668579,13.42576504,53.332470,8.66144276,66.418785,10.78672218
15:37,83.791901,13.60819721,52.558868,8.53580666,66.917847,10.86777210
15:38,67.218201,10.91655064,51.978699,8.44158459,68.324318,11.09618950
15:39,50.149483,8.14451122,51.819511,8.41573143,69.790253,11.33426380
15:40,62.077595,10.08169270,51.711437,8.39818001,70.573372,11.46144676
15:41,74.881516,12.16110897,51.361652,8.34137344,72.683548,11.80414867
15:42,73.206055,11.88900661,51.244198,8.32229805,76.116783,12.36172199
15:43,58.298298,9.46791649,50.831097,8.25520802,72.417099,11.76087666
15:44,67.199165,10.91345978,50.539047,8.20777798,69.837715,11.34197235
15:45,64.838287,10.53004169,50.207798,8.15398121,65.989792,10.71705151
15:46,52.243801,8.48463821,49.655384,8.06426716,64.446480,10.46641064
15:47,59.945194,9.73538017,49.454575,8.03165436,68.530144,11.12961674
15:48,65.066765,10.56714725,49.661327,8.06523228,71.914658,11.67927742
15:49,70.397758,11.43292618,49.533779,8.04451752,68.191269,11.07458210
15:50,63.391304,10.29504490,48.972324,7.95333481,62.663353,10.17682171
15:51,62.953400,10.22392750,48.434658,7.86601543,59.699112,9.69541550
15:52,48.645378,7.90023756,48.454136,7.86917877,60.758625,9.86748505
15:53,45.646690,7.41323662,49.080662,7.97092962,64.726631,10.51190853
15:54,47.341187,7.68843031,49.723423,8.07531738,67.363113,10.94008541
15:55,59.650085,9.68745327,49.445248,8.03013992,64.760254,10.51736832
15:56,59.612007,9.68126965,48.870255,7.93675852,63.356312,10.28936195
15:57,57.289211,9.30403614,48.098774,7.81146622,61.124817,9.92695713
15:58,52.453236,8.51865101,47.298794,7.68154573,59.860229,9.72158146
15:59,57.051224,9.26538563,46.959690,7.62647390,61.535332,9.99362659
16:00,39.725471,6.45160294,47.103630,7.64985037,64.490623,10.47357941
16:01,48.607300,7.89405346,47.375053,7.69393063,65.937225,10.70851421
16:02,65.333313,10.61043644,47.439728,7.70443392,63.980049,10.39065933
16:03,54.090614,8.78456879,47.101093,7.64943838,59.023628,9.58571339
16:04,51.063366,8.29292965,46.352753,7.52790403,53.716446,8.72380257
16:05,47.921883,7.78273821,45.736450,7.42781401,52.627625,8.54697323
16:06,49.882931,8.10122204,45.716831,7.42462778,55.458504,9.00672054
16:07,46.322582,7.52300453,45.895332,7.45361710,56.662746,9.20229530
16:08,53.728867,8.72581959,46.000229,7.47065258,55.470345,9.00864410
16:09,45.979877,7.46734762,45.899448,7.45428562,52.921864,8.59475899
16:10,51.444153,8.35477161,45.882900,7.45159817,51.822498,8.41621685
16:11,53.890701,8.75210285,45.782219,7.43524694,51.588966,8.37829018
16:12,43.009747,6.98498440,45.468235,7.38425446,53.849804,8.74546051
16:13,42.590885,6.91695929,45.448544,7.38105631,59.546040,9.67055607
16:14,47.541100,7.72089720,45.867050,7.44902372,60.750931,9.86623573
16:15,46.541534,7.55856323,46.523464,7.55562878,57.102337,9.27368736
16:16,52.481792,8.52328873,46.522530,7.55547667,51.714573,8.39868927
16:17,58.802837,9.54985619,46.411259,7.53740597,52.152199,8.46976185
16:18,53.033932,8.61295891,46.098454,7.48660469,53.225655,8.64409542
16:19,44.180664,7.17514706,45.319443,7.36008978,54.688763,8.88171101
16:20,60.906677,9.89153004,45.451096,7.38147068,60.880112,9.88721561
16:21,51.948692,8.43671131,46.246254,7.51060820,62.307465,10.11902428
16:22,48.750092,7.91724348,46.624355,7.57201385,57.484722,9.33578873
16:23,47.112717,7.65132618,46.533424,7.55724621,52.278629,8.49029446
16:24,49.330791,8.01155186,47.261372,7.67546844,54.049194,8.77784252
16:25,40.087219,6.51035213,47.832516,7.76822472,54.810104,8.90141773
16:26,46.665291,7.57866192,48.088131,7.80973768,59.495827,9.66240120
16:27,47.217430,7.66833210,48.463829,7.87075281,63.067585,10.24247169
16:28,43.628525,7.08547688,48.217251,7.83070755,57.495651,9.33756351
16:29,42.086342,6.83501911,47.587227,7.72838879,52.695793,8.55804348
16:30,50.396992,8.18470764,47.035683,7.63881540,51.071720,8.29428673
16:31,46.703369,7.58484602,46.862453,7.61068201,53.667709,8.71588707
16:32,52.243801,8.48463821,47.207138,7.66666031,57.291115,9.30434513
16:33,50.006687,8.12132072,47.429462,7.70276690,56.911171,9.24264050
16:34,57.708076,9.37206173,47.523083,7.71797132,57.008270,9.25841045
16:35,54.557076,8.86032486,47.581860,7.72751713,57.005318,9.25793076
16:36,51.396553,8.34704113,48.170921,7.82318354,58.097076,9.43523788
16:37,50.339874,8.17543125,48.225891,7.83211088,54.855915,8.90885735
16:38,39.915863,6.48252344,48.912865,7.94367838,59.832848,9.71713448
16:39,52.291401,8.49236870,49.585407,8.05290222,58.179199,9.44857502
16:40,47.569656,7.72553492,50.435791,8.19100857,56.710938,9.21012211
16:41,46.969921,7.62813520,50.727722,8.23841953,51.792927,8.41141415
16:42,51.891575,8.42743492,50.293674,8.16792870,47.505116,7.71505356
16:43,36.431675,5.91667461,49.805119,8.08858490,47.264259,7.67593718
16:44,43.085907,6.99735308,49.336952,8.01255226,49.872059,8.09945583
16:45,73.272697,11.89982986,49.178215,7.98677254,54.741230,8.89023209
16:46,38.821106,6.30472946,50.137550,8.14257336,58.867607,9.56037521
16:47,74.272255,12.06216240,50.451279,8.19352436,49.122101,7.97765923
16:48,56.194454,9.12624264,50.323727,8.17280865,42.488270,6.90029430
16:49,49.502144,8.03938007,50.714298,8.23623943,41.431221,6.72862434
16:50,50.282757,8.16615582,50.624451,8.22164822,41.148972,6.68278599
16:51,52.814980,8.57740021,51.766449,8.40711403,46.846889,7.60815430
16:52,42.857433,6.96024799,54.377319,8.83113194,49.505314,8.03989506
16:53,46.446339,7.54310322,55.854645,9.07105637,43.586651,7.07867622
16:54,37.935780,6.16094828,56.092930,9.10975456,42.375484,6.88197708
16:55,41.610359,6.75771713,55.096104,8.94786549,41.175293,6.68706036
16:56,31.748011,5.15602589,53.490211,8.68706131,42.762123,6.94476938
16:57,37.317001,6.06045580,51.932568,8.43409252,46.898785,7.61658239
16:58,34.718140,5.63838863,50.545494,8.20882511,49.434559,8.02840424
16:59,37.107571,6.02644348,50.207561,8.15394306,54.305313,8.81943703
17:00,32.747574,5.31835938,48.860455,7.93516684,46.229824,7.50794029
17:01,41.543724,6.74689531,47.160976,7.65916348,45.528999,7.39412308
17:02,41.610359,6.75771713,45.466980,7.38405085,45.973778,7.46635675
17:03,36.802940,5.97697020,44.050415,7.15399361,49.036465,7.96375179
17:04,32.661896,5.30444479,42.827667,6.95541382,51.101555,8.29913235
17:05,32.119274,5.21632051,41.581108,6.75296688,49.604534,8.05600834
17:06,31.548098,5.12355900,41.366055,6.71804094,50.058994,8.12981510
17:07,34.908531,5.66930914,41.396675,6.72301388,45.989300,7.46887779
17:08,36.288879,5.89348412,41.237915,6.69723082,43.457481,7.05769873
17:09,24.227491,3.93465805,40.923611,6.64618635,44.377052,7.20704126
17:10,27.873516,4.52678967,40.232983,6.53402472,45.512699,7.39147568
17:11,24.351248,3.95475674,39.826462,6.46800423,47.277435,7.67807722
17:12,30.691330,4.98441601,39.366547,6.39331150,44.094090,7.16108656
17:13,22.847143,3.71048307,39.255173,6.37522411,42.790928,6.94944715
17:14,32.052639,5.20549870,39.125572,6.35417604,41.923367,6.80855131
17:15,31.338667,5.08954620,38.965004,6.32809925,44.615299,7.24573374
17:16,37.812023,6.14084959,38.661663,6.27883530,46.926598,7.62109947
17:17,29.482334,4.78806925,38.294811,6.21925688,47.141911,7.65606737
17:18,30.681810,4.98286963,37.785316,6.13651228,44.829697,7.28055286
17:19,32.490543,5.27661657,37.504356,6.09088326,42.199871,6.85345697
17:20,30.129671,4.89319992,37.470284,6.08534956,38.731976,6.29025412
17:21,25.921989,4.20985270,37.460217,6.08371449,38.116936,6.19036913
17:22,29.463297,4.78497744,37.459717,6.08363342,41.686375,6.77006245
17:23,35.708183,5.79917622,37.466187,6.08468437,43.551632,7.07298899
17:24,33.880409,5.50233746,37.649414,6.11444139,41.947556,6.81247950
17:25,28.149586,4.57162476,37.506474,6.09122705,36.656826,5.95324039
17:26,34.194557,5.55335617,37.586899,6.10428858,35.204590,5.71739054
17:27,36.536392,5.93368149,37.623390,6.11021471,35.772198,5.80957270
17:28,35.993771,5.84555721,37.329639,6.06250858,39.296474,6.38193178
17:29,25.845833,4.19748449,37.309612,6.05925608,43.383354,7.04566002
17:30,40.782150,6.62321234,37.183483,6.03877211,40.991413,6.65719748
17:31,34.775257,5.64766455,37.338074,6.06387806,40.122955,6.51615620
17:32,32.433426,5.26734018,37.819134,6.14200449,40.666210,6.60438299
17:33,25.255613,4.10162973,38.138954,6.19394493,42.215450,6.85598707
17:34,23.637274,3.83880401,38.359158,6.22970676,46.355991,7.52843046
17:35,24.979544,4.05679512,38.379684,6.23304081,48.145012,7.81897545
17:36,34.870453,5.66312504,38.572353,6.26433086,48.819733,7.92855358
17:37,28.825480,4.68139315,38.376991,6.23260307,45.884979,7.45193577
17:38,47.683891,7.74408722,38.086285,6.18539095,44.217625,7.18114948
17:39,49.226074,7.99454498,37.872978,6.15074921,40.989685,6.65691710
17:40,31.957441,5.19003820,37.650818,6.11466932,38.389256,6.23459482
17:41,35.841457,5.82082081,37.610180,6.10806942,39.652409,6.43973684
17:42,35.660583,5.79144573,37.521038,6.09359264,41.270954,6.70259619
17:43,43.971233,7.14113426,38.487587,6.25056458,46.586216,7.56581974
17:44,42.619442,6.92159700,39.216656,6.36896849,40.556091,6.58649921
17:45,26.826355,4.35672569,39.657539,6.44057035,36.543018,5.93475723
17:46,27.530807,4.47113228,40.489986,6.57576370,38.423195,6.24010706
17:47,33.728096,5.47760105,41.035217,6.66431141,41.982254,6.81811476
17:48,29.491856,4.78961563,41.490673,6.73827982,46.197849,7.50274706
17:49,34.622944,5.62292814,41.150642,6.68305731,46.344631,7.52658510
17:50,31.871765,5.17612410,40.513256,6.57954264,46.118179,7.48980856
17:51,26.921551,4.37218618,40.097828,6.51207495,44.561981,7.23707438
17:52,33.071239,5.37092447,39.942856,6.48690701,42.971996,6.97885370
17:53,39.401806,6.39903784,39.734413,6.45305490,43.096035,6.99899817
17:54,41.067741,6.66959381,39.194340,6.36534452,43.456326,7.05751085
17:55,29.120588,4.72932005,38.641071,6.27549124,43.542637,7.07152843
17:56,31.490980,5.11428261,38.216763,6.20658112,43.351192,7.04043674
17:57,26.759718,4.34590340,37.944942,6.16243649,42.977245,6.97970581
17:58,30.424780,4.94112682,37.837921,6.14505577,42.472652,6.89775801
17:59,36.717262,5.96305561,37.828938,6.14359665,43.241943,7.02269411
18:00,25.683998,4.17120171,37.924084,6.15904903,45.501278,7.38962078
18:01,33.823292,5.49306107,37.833488,6.14433575,46.344372,7.52654314
18:02,32.976044,5.35546398,37.658546,6.11592436,45.436111,7.37903738
18:03,34.442070,5.59355354,37.773788,6.13464022,41.837532,6.79461145
18:04,33.337791,5.41421366,37.896458,6.15456247,35.920361,5.83363485
18:05,25.731596,4.17893171,37.828026,6.14344883,33.554596,5.44942379
18:06,37.535954,6.09601498,38.153168,6.19625330,36.563515,5.93808603
18:07,43.771320,7.10866737,38.186749,6.20170689,37.345364,6.06506205
18:08,25.950548,4.21449041,38.154442,6.19646025,36.876389,5.98889828
18:09,33.471066,5.43585777,38.532955,6.25793266,34.775352,5.64768028
18:10,36.079449,5.85947132,38.941338,6.32425594,32.000214,5.19698477
18:11,32.290630,5.24414968,39.505692,6.41590929,34.001453,5.52199554
18:12,26.436049,4.29333830,39.611885,6.43315554,36.197250,5.87860298
18:13,37.612110,6.10838318,39.725113,6.45154428,38.229767,6.20869350
18:14,46.436821,7.54155731,40.022148,6.49978447,38.393192,6.23523426
18:15,30.310543,4.92257404,40.379131,6.55776024,37.927433,6.15959263
18:16,35.346436,5.74042654,40.380043,6.55790806,36.465939,5.92223930
18:17,44.304420,7.19524574,40.312481,6.54693604,37.181095,6.03838396
18:18,34.308792,5.57190847,40.633392,6.59905338,40.531879,6.58256721
18:19,40.591759,6.59229183,40.303020,6.54539919,39.653214,6.43986750
18:20,38.821106,6.30472946,39.763981,6.45785666,39.420841,6.40212917
18:21,34.499187,5.60282993,39.511688,6.41688347,37.478493,6.08668280
18:22,37.374119,6.06973219,39.074852,6.34593916,32.375969,5.25800896
18:23,32.671417,5.30599117,38.747360,6.29275274,29.076820,4.72221184
18:24,32.033600,5.20240688,38.559250,6.26220274,28.227039,4.58420324
18:25,30.367662,4.93185091,38.855968,6.31039143,32.255753,5.23848534
18:26,49.235596,7.99609137,39.423008,6.40248108,37.186848,6.03931856
18:27,49.692539,8.07030106,40.119701,6.51562738,38.368786,6.23127079
18:28,39.040058,6.34028816,40.232658,6.53397226,32.506046,5.27913427
18:29,35.394035,5.74815702,40.289032,6.54312754,29.281731,4.75549030
18:30,29.996395,4.87155533,40.605709,6.59455729,29.713921,4.82567978
18:31,40.087219,6.51035213,41.166832,6.68568659,33.610081,5.45843458
18:32,40.943985,6.64949512,41.955643,6.81379318,37.923077,6.15888548
18:33,47.979004,7.79201508,42.365047,6.88028240,38.601536,6.26907015
18:34,31.062595,5.04471111,42.418491,6.88896179,37.236832,6.04743576
18:35,36.146088,5.87029409,42.183422,6.85078526,33.463665,5.43465614
18:36,20.143564,3.27140927,42.319851,6.87294197,31.742691,5.15516186
18:37,26.588364,4.31807470,42.578331,6.91492033,31.261948,5.07708693
18:38,56.984585,9.25456333,42.434834,6.89161587,32.661194,5.30433083
18:39,59.811920,9.71373653,41.877934,6.80117273,36.624149,5.94793367
18:40,46.008434,7.47198534,42.280041,6.86647654,46.009834,7.47221279
18:41,49.683018,8.06875515,42.928913,6.97185659,44.771008,7.27102137
18:42,48.093239,7.81056738,43.741722,7.10386086,43.913975,7.13183546
18:43,61.811043,10.03840256,45.520424,7.39273024,49.581402,8.05225182
18:44,39.249489,6.37430096,47.395889,7.69731474,51.333504,8.33680153
18:45,41.372372,6.71906710,48.775715,7.92140484,50.104282,8.13716984
18:46,32.623817,5.29826069,49.912724,8.10606003,48.075531,7.80769157
18:47,45.418217,7.37613106,50.775036,8.24610424,44.540226,7.23354149
18:48,42.381451,6.88294601,51.082893,8.29610157,41.076126,6.67095518
18:49,34.204079,5.55490255,50.671906,8.22935486,40.446400,6.56868505
18:50,41.543724,6.74689531,49.635448,8.06102943,42.099121,6.83709478
18:51,48.759613,7.91878986,48.505852,7.87757778,43.879005,7.12615633
18:52,29.206266,4.74323463,48.374809,7.85629559,45.507378,7.39061117
18:53,28.149586,4.57162476,48.257931,7.83731413,40.620468,6.59695435
18:54,27.921114,4.53451967,47.767059,7.75759411,37.607273,6.10759735
18:55,39.811150,6.46551704,48.147915,7.81944704,41.316929,6.71006298
18:56,35.831936,5.81927443,47.353485,7.69042778,39.588932,6.42942810
18:57,38.925819,6.32173538,46.858925,7.61010885,46.479565,7.54849911
18:58,38.354645,6.22897387,46.882191,7.61388731,50.668106,8.22873783
18:59,30.177269,4.90092993,48.008476,7.79680157,53.186295,8.63770390
19:00,31.852726,5.17303181,50.077873,8.13288116,48.881584,7.93859816
19:01,28.587488,4.64274216,52.115192,8.46375179,41.668102,6.76709509
19:02,25.531683,4.14646482,53.327282,8.66060066,38.910511,6.31924915
19:03,32.823730,5.33072758,53.839993,8.74386692,41.330700,6.71229935
19:04,29.748884,4.83135843,55.129574,8.95330143,47.062595,7.64318609
19:05,29.587051,4.80507565,56.096169,9.11028099,44.578896,7.23982143
19:06,30.320065,4.92412043,57.824707,9.39100361,43.147968,7.00743246
19:07,27.768799,4.50978327,59.158325,9.60758877,38.865730,6.31197691
19:08,27.188101,4.41547489,57.826813,9.39134502,36.138351,5.86903763
19:09,31.757530,5.15757179,54.694653,8.88266754,37.818779,6.14194679
19:10,31.138754,5.05707979,51.304806,8.33214092,38.797043,6.30082178
19:11,25.522163,4.14491892,48.181305,7.82486963,36.327789,5.89980316
19:12,20.667147,3.35644150,45.671009,7.41718578,33.665348,5.46741009
19:13,28.235262,4.58553886,43.645000,7.08815241,31.976883,5.19319582
19:14,28.397097,4.61182165,41.868340,6.79961443,33.321896,5.41163206
19:15,29.101549,4.72622776,40.088974,6.51063728,36.526974,5.93215179
19:16,28.501812,4.62882805,38.734837,6.29071903,40.757122,6.61914778
19:17,24.179893,3.92692804,37.527138,6.09458303,41.900238,6.80479479
19:18,22.380680,3.63472724,36.341591,5.90204477,40.957390,6.65167189
19:19,24.446444,3.97021699,35.308411,5.73425150,38.265007,6.21441650
19:20,18.915531,3.07197094,34.590240,5.61761713,35.735577,5.80362511
19:21,25.150898,4.08462381,34.021084,5.52518368,34.713276,5.63759851
19:22,23.066095,3.74604201,33.438732,5.43060684,35.317646,5.73575115
19:23,21.114569,3.42910480,32.797146,5.32641029,35.611973,5.78355122
19:24,25.360331,4.11863661,32.048195,5.20477724,32.528091,5.28271437
19:25,25.455526,4.13409662,31.511211,5.11756849,27.009628,4.38649035
19:26,27.664083,4.49277687,31.261616,5.07703304,22.319557,3.62480068
19:27,21.362080,3.46930194,30.862717,5.01224995,21.862656,3.55059767
19:28,21.647669,3.51568294,30.551708,4.96174049,26.269604,4.26630688
19:29,26.236137,4.26087189,30.397179,4.93664408,30.636848,4.97556782
19:30,21.143127,3.43374300,30.106644,4.88946009,33.499470,5.44047070
19:31,24.398846,3.96248698,29.965523,4.86654139,35.001205,5.68435955
19:32,23.008978,3.73676586,29.998863,4.87195587,32.952007,5.35156059
19:33,22.751947,3.69502282,30.122093,4.89196920,29.581936,4.80424500
19:34,21.333521,3.46466374,30.091522,4.88700438,26.842422,4.35933542
19:35,18.572824,3.01631379,30.197681,4.90424490,28.474976,4.62446928
19:36,24.846270,4.03515053,30.217609,4.90748119,30.624893,4.97362614
19:37,19.819897,3.21884418,30.103146,4.88889170,33.600948,5.45695162
19:38,21.923738,3.56051779,29.932819,4.86123037,34.445835,5.59416485
19:39,20.733784,3.36726356,29.601418,4.80740881,32.786865,5.32474041
19:40,21.485834,3.48940015,29.589561,4.80548334,34.167755,5.54900360
19:41,23.408804,3.80169940,29.460938,4.78459454,34.851627,5.66006756
19:42,23.304087,3.78469300,29.308819,4.75988960,37.296932,6.05719662
19:43,23.332645,3.78933096,29.134212,4.73153257,37.780376,6.13571024
19:44,23.532558,3.82179785,28.962776,4.70369053,35.808178,5.81541586
19:45,22.390202,3.63627362,29.108101,4.72729206,34.594963,5.61838388
19:46,23.837187,3.87127090,29.315063,4.76090384,34.555241,5.61193323
19:47,24.884348,4.04133463,29.490044,4.78932142,35.545155,5.77269983
19:48,22.228367,3.60999084,29.612675,4.80923700,34.859943,5.66141796
19:49,21.942778,3.56360984,29.643837,4.81429815,33.935547,5.51129198
19:50,17.773174,2.88644671,29.531815,4.79610491,33.514172,5.44285870
19:51,22.609154,3.67183256,29.618778,4.81022835,34.010700,5.52349710
19:52,20.610027,3.34716511,29.602253,4.80754471,33.588837,5.45498466
19:53,19.658064,3.19256163,29.538181,4.79713917,33.373909,5.42007923
19:54,20.762342,3.37190175,29.322979,4.76218939,31.344913,5.09056091
19:55,23.456402,3.80942965,29.222343,4.74584532,29.755650,4.83245707
19:56,22.542515,3.66101003,28.948185,4.70132113,26.448204,4.29531240
19:57,20.257801,3.28996181,28.757603,4.67036963,26.977711,4.38130665
19:58,18.315794,2.97457075,28.596699,4.64423800,29.229786,4.74705410
19:59,24.084698,3.91146779,28.477440,4.62486982,34.459293,5.59635067
20:00,21.999895,3.57288599,28.540588,4.63512516,40.213970,6.53093719
20:01,22.732908,3.69193077,28.491135,4.62709379,41.072887,6.67042923
20:02,21.485834,3.48940015,28.352421,4.60456610,40.249210,6.53666019
20:03,22.104612,3.58989263,28.320133,4.59932232,38.509060,6.25405169
20:04,22.237886,3.61153698,28.310459,4.59775114,36.015472,5.84908152
20:05,20.667147,3.35644150,28.224323,4.58376217,34.599216,5.61907482
20:06,19.648544,3.19101572,28.239662,4.58625364,34.939590,5.67435312
20:07,25.503124,4.14182711,28.272884,4.59164906,35.129227,5.70515108
20:08,20.610027,3.34716511,28.245949,4.58727455,33.985821,5.51945639
20:09,22.828106,3.70739126,28.114449,4.56591797,31.606846,5.13310003
20:10,21.019373,3.41364455,27.909786,4.53268003,30.246578,4.91218615
20:11,22.361643,3.63163567,27.912056,4.53304863,31.428970,5.10421228
20:12,23.542078,3.82334375,27.888973,4.52929974,32.025318,5.20106173
20:13,20.809940,3.37963176,27.895184,4.53030872,33.467430,5.43526745
20:14,23.008978,3.73676586,28.138172,4.56977081,36.235664,5.88484192
20:15,20.314919,3.29923797,28.429451,4.61707592,37.401100,6.07411385
20:16,23.113693,3.75377202,28.627396,4.64922333,35.735638,5.80363512
20:17,21.276403,3.45538759,28.656639,4.65397263,32.771820,5.32229710
20:18,22.532995,3.65946412,28.649536,4.65281916,31.158737,5.06032515
20:19,21.866621,3.55124164,28.631748,4.64993000,30.915730,5.02085924
20:20,22.866182,3.71357512,28.598083,4.64446259,31.483837,5.11312246
20:21,21.076490,3.42292070,28.720657,4.66436911,32.070415,5.20838594
20:22,18.753696,3.04568815,29.406792,4.77580070,31.669247,5.14323425
20:23,20.153086,3.27295566,29.749729,4.83149529,27.781693,4.51187706
20:24,23.875265,3.87745500,30.005959,4.87310839,28.805683,4.67817783
20:25,25.246094,4.10008383,30.059429,4.88179207,30.050102,4.88027763
20:26,18.668020,3.03177404,29.782104,4.83675337,29.152039,4.73442745
20:27,22.333082,3.62699723,29.450966,4.78297472,26.908760,4.37010860
20:28,22.504436,3.65482593,29.330994,4.76349068,24.924839,4.04791069
20:29,21.904699,3.55742574,29.213165,4.74435472,24.200462,3.93026853
20:30,20.019810,3.25131083,28.911041,4.69528866,25.290298,4.10726309
20:31,24.455963,3.97176313,28.835403,4.68300486,27.926613,4.53541279
20:32,21.352560,3.46775579,28.835411,4.68300581,29.015781,4.71229887
20:33,18.182520,2.95292640,28.749897,4.66911793,29.564190,4.80136299
20:34,26.217098,4.25777960,28.663486,4.65508461,30.897781,5.01794434
20:35,22.913780,3.72130537,28.773464,4.67294550,32.743828,5.31775093
20:36,20.333958,3.30233002,28.751812,4.66942883,32.379463,5.25857639
20:37,30.072554,4.88392353,28.443459,4.61935091,30.460411,4.94691372
20:38,20.962255,3.40436864,28.426167,4.61654282,30.019463,4.87530136
20:39,20.543390,3.33634281,28.416069,4.61490297,28.537815,4.63467503
20:40,22.247406,3.61308289,28.308407,4.59741783,27.168320,4.41226244
20:41,24.322689,3.95011878,28.791328,4.67584658,28.188259,4.57790518
20:42,24.551161,3.98722363,29.018280,4.71270466,25.178612,4.08912468
20:43,19.077366,3.09825373,28.994011,4.70876312,26.451302,4.29581547
20:44,21.771423,3.53578115,29.363667,4.76879692,30.270695,4.91610289
20:45,21.247845,3.45074964,29.745209,4.83076143,29.143581,4.73305416
20:46,25.227055,4.09699202,30.018101,4.87508011,29.434761,4.78034306
20:47,22.066532,3.58370829,29.962486,4.86604834,29.672173,4.81890011
20:48,27.121464,4.40465260,29.734802,4.82907104,29.396656,4.77415466
20:49,23.932383,3.88673115,29.772179,4.83514118,29.541790,4.79772520
20:50,25.960068,4.21603680,30.409473,4.93864107,30.646236,4.97709227
20:51,25.027142,4.06452513,31.579037,5.12858343,29.862648,4.84983397
20:52,35.784340,5.81154442,33.583401,5.45410156,29.466114,4.78543520
20:53,30.186789,4.90247583,34.776131,5.64780664,21.483276,3.48898482
20:54,37.164688,6.03571939,34.979000,5.68075371,19.881828,3.22890210
20:55,29.406178,4.77570105,35.279324,5.72952747,26.401817,4.28777885
20:56,38.744949,6.29236126,35.730831,5.80285454,32.541061,5.28482103
20:57,28.006790,4.54843378,36.189274,5.87730789,36.522579,5.93143797
20:58,32.604778,5.29516888,36.576832,5.94024897,37.916210,6.15777016
20:59,35.374992,5.74506474,37.442997,6.08091831,38.160458,6.19743729
21:00,42.648003,6.92623568,37.718555,6.12566996,30.752472,4.99434566
21:01,25.112820,4.07843971,37.965576,6.16578770,29.585102,4.80475903
21:02,30.815084,5.00451422,38.449364,6.24435663,31.893837,5.17970848
21:03,32.147835,5.22095919,38.927364,6.32198620,35.829811,5.81892920
21:04,48.017082,7.79819918,39.173897,6.36202431,39.599358,6.43112135
21:05,36.384075,5.90894413,39.451164,6.40705395,40.188915,6.52686834
21:06,36.136566,5.86874771,39.123375,6.35381937,32.218349,5.23241091
21:07,26.969149,4.37991619,38.893101,6.31642199,29.523018,4.79467630
21:08,61.468338,9.98274612,39.316734,6.38522196,30.315285,4.92334414
21:09,25.150898,4.08462381,40.153656,6.52114201,27.824387,4.51881075
21:10,33.594822,5.45595646,41.049141,6.66657305,23.690891,3.84751177
21:11,27.502249,4.46649408,42.002094,6.82133675,23.204216,3.76847339
21:12,38.497437,6.25216389,43.996277,7.14520168,28.745415,4.66839027
21:13,25.998146,4.22222090,44.628922,7.24794579,23.643326,3.83978701
21:14,24.646357,4.00268364,44.992947,7.30706549,26.569008,4.31493139
21:15,27.730721,4.50359917,43.871399,7.12492085,21.011566,3.41237688
21:16,22.390202,3.63627362,42.763790,6.94503975,24.248184,3.93801880
21:17,24.436924,3.96867108,42.012325,6.82299852,23.848442,3.87309885
21:18,31.824167,5.16839409,41.390427,6.72199917,21.975990,3.56900382
21:19,36.193684,5.87802362,40.386433,6.55894613,20.353195,3.30545425
21:20,35.889053,5.82855034,39.546391,6.42251921,22.994801,3.73446345
21:21,21.790462,3.53887320,38.693417,6.28399229,24.618515,3.99816227
21:22,25.369848,4.12018204,38.475258,6.24856234,27.684673,4.49612045
21:23,22.237886,3.61153698,38.760845,6.29494286,26.887661,4.36668205
21:24,27.911594,4.53297377,39.948799,6.48787212,25.952007,4.21472740
21:25,22.723389,3.69038486,40.367226,6.55582666,18.682365,3.03410363
21:26,26.493168,4.30261469,40.147438,6.52013206,19.029961,3.09055471
21:27,30.348623,4.92875862,39.850979,6.47198582,23.435772,3.80607915
21:28,33.547222,5.44822598,39.295414,6.38175917,23.421177,3.80370879
21:29,29.748884,4.83135843,38.903923,6.31817961,23.268791,3.77896070
21:30,39.868267,6.47479343,39.167816,6.36103678,25.809128,4.19152308
21:31,28.016310,4.54998016,39.071968,6.34547091,25.505638,4.14223528
21:32,28.682686,4.65820265,39.088814,6.34820652,28.230061,4.58469391
21:33,24.065659,3.90837574,38.951683,6.32593584,28.162643,4.57374525
21:34,20.514832,3.33170485,38.745293,6.29241705,26.213673,4.25722313
21:35,24.960505,4.05370283,38.611439,6.27067852,23.134178,3.75709891
21:36,20.352997,3.30542207,38.451916,6.24477148,20.303169,3.29732990
21:37,21.352560,3.46775579,37.953133,6.16376638,17.770073,2.88594317
21:38,27.492729,4.46494818,37.747307,6.13033962,19.897926,3.23151660
21:39,33.318752,5.41112137,37.479691,6.08687735,21.508858,3.49313927
21:40,30.453339,4.94576502,37.254379,6.05028582,25.535843,4.14714050
21:41,22.647230,3.67801642,36.721680,5.96377277,23.939503,3.88788748
21:42,27.311857,4.43557358,36.006935,5.84769487,20.105812,3.26527810
21:43,25.169937,4.08771563,35.467342,5.76006269,16.991837,2.75955391
21:44,22.961380,3.72903562,35.284866,5.73042774,16.912308,2.74663806
21:45,20.495792,3.32861280,34.875259,5.66390562,19.727615,3.20385718
21:46,23.542078,3.82334375,34.675140,5.63140535,27.934811,4.53674412
21:47,21.114569,3.42910480,34.269855,5.56558514,32.268330,5.24052811
21:48,25.807753,4.19129992,33.882133,5.50261736,33.695923,5.47237587
21:49,28.939716,4.69994545,33.802288,5.48964977,31.053787,5.04328060
21:50,23.351685,3.79242301,33.764400,5.48349667,25.890484,4.20473576
21:51,28.178144,4.57626247,33.743969,5.48017883,25.279293,4.10547543
21:52,23.989502,3.89600754,34.228699,5.55890131,30.207176,4.90578699
21:53,25.722076,4.17738581,34.737377,5.64151287,31.841713,5.17124319
21:54,26.436049,4.29333830,35.244762,5.72391462,33.667595,5.46777534
21:55,29.472816,4.78652334,35.766876,5.80870819,35.008110,5.68548107
21:56,23.504000,3.81715965,35.765259,5.80844545,32.680218,5.30742073
21:57,27.407053,4.45103407,35.673214,5.79349709,32.515884,5.28073215
21:58,30.634212,4.97513962,34.982426,5.68130970,30.720554,4.98916197
21:59,32.052639,5.20549870,34.674763,5.63134384,35.176533,5.71283388
22:00,21.152647,3.43528891,34.374130,5.58252001,34.399712,5.58667421
22:01,32.595261,5.29362297,34.044323,5.52895737,33.115738,5.37815094
22:02,27.235699,4.42320490,33.792591,5.48807526,30.940876,5.02494335
22:03,26.340853,4.27787781,33.309498,5.40961838,27.389362,4.44816065
22:04,17.915970,2.90963745,32.644543,5.30162668,27.290092,4.43203878
22:05,23.399282,3.80015302,32.211060,5.23122692,30.597298,4.96914434
22:06,43.723721,7.10093689,32.149960,5.22130394,31.424164,5.10343170
22:07,38.516476,6.25525618,32.164776,5.22371054,27.378178,4.44634438
22:08,34.870453,5.66312504,31.954758,5.18960238,21.532639,3.49700141
22:09,27.416573,4.45257998,31.667358,5.14292717,17.782944,2.88803339
22:10,31.252989,5.07563162,31.588055,5.13004827,19.427544,3.15512419
22:11,28.711245,4.66284084,31.906532,5.18177032,26.724430,4.34017277
22:12,30.015434,4.87464714,32.552490,5.28667688,33.074730,5.37149096
22:13,41.162937,6.68505383,33.399559,5.42424488,34.057281,5.53106213
22:14,35.689144,5.79608440,33.864151,5.49969673,29.961376,4.86586809
22:15,31.357704,5.09263802,34.136219,5.54388189,28.133327,4.56898403
22:16,27.321377,4.43711948,34.454418,5.59555912,28.616871,4.64751387
22:17,27.797358,4.51442099,34.699276,5.63532495,29.975204,4.86811352
22:18,26.731157,4.34126520,34.726360,5.63972378,30.973431,5.03023005
22:19,25.979107,4.21912861,34.339886,5.57695818,30.313549,4.92306232
22:20,30.653252,4.97823191,34.096542,5.53743839,30.257011,4.91388035
22:21,37.202766,6.04190350,34.004456,5.52248287,27.195896,4.41674089
22:22,25.160418,4.08616972,33.793331,5.48819542,24.630600,4.00012493
22:23,36.907658,5.99397659,33.450058,5.43244600,27.094208,4.40022612
22:24,41.162937,6.68505383,33.219101,5.39493752,31.813068,5.16659117
22:25,37.431236,6.07900810,33.051571,5.36773014,32.079765,5.20990419
22:26,36.831501,5.98160839,32.879242,5.33974314,28.966785,4.70434189
22:27,43.780838,7.11021328,33.209164,5.39332390,27.981758,4.54436874
22:28,42.714638,6.93705750,34.111317,5.53983784,28.699764,4.66097641
22:29,33.918488,5.50852156,35.350609,5.74110460,31.615059,5.13443375
22:30,25.065222,4.07070971,36.206116,5.88004303,33.857281,5.49858093
22:31,35.003727,5.68476915,37.692390,6.12142086,38.981033,6.33070230
22:32,37.136127,6.03108120,39.363155,6.39276075,35.007114,5.68531942
22:33,43.314377,7.03445768,40.581341,6.59060001,26.847427,4.36014795
22:34,34.556305,5.61210585,41.015686,6.66113949,18.934700,3.07508397
22:35,27.883036,4.52833557,40.830368,6.63104296,15.289513,2.48308849
22:36,44.104507,7.16277885,40.497196,6.57693434,18.270729,2.96725202
22:37,33.099800,5.37556267,40.340961,6.55156136,24.056938,3.90695953
22:38,21.314482,3.46157169,39.838039,6.46988440,22.904228,3.71975398
22:39,20.543390,3.33634281,39.246239,6.37377310,19.945168,3.23918867
22:40,20.257801,3.28996181,40.247471,6.53637791,20.685890,3.35948539
22:41,18.867933,3.06424069,41.484344,6.73725176,15.636246,2.53939962
22:42,30.262945,4.91484404,40.864014,6.63650751,12.608124,2.04761839
22:43,26.121901,4.24231911,39.320042,6.38575888,18.128784,2.94419956
22:44,24.084698,3.91146779,37.535282,6.09590578,23.972282,3.89321089
22:45,18.534744,3.01012921,35.575165,5.77757359,26.090126,4.23715878
22:46,20.562429,3.33943486,34.364853,5.58101320,27.880840,4.52797890
22:47,25.360331,4.11863661,33.244919,5.39913082,24.301365,3.94665551
22:48,21.343040,3.46620989,32.309494,5.24721336,25.288570,4.10698223
22:49,21.190725,3.44147301,31.528397,5.12035942,26.681477,4.33319664
22:50,22.770987,3.69811487,30.653694,4.97830343,25.700283,4.17384624
22:51,23.351685,3.79242301,30.187016,4.90251255,26.460567,4.29732037
22:52,22.894741,3.71821332,29.975060,4.86809015,26.968029,4.37973452
22:53,21.552471,3.50022221,29.665668,4.81784344,27.273655,4.42936945
22:54,21.714306,3.52650499,29.592831,4.80601454,30.715302,4.98830891
22:55,18.058764,2.93282771,29.580284,4.80397654,33.670986,5.46832609
22:56,25.169937,4.08771563,29.538593,4.79720592,35.378155,5.74557829
22:57,25.636398,4.16347122,29.532330,4.79618883,34.542900,5.60992908
22:58,17.754135,2.88335466,29.477737,4.78732252,30.929600,5.02311182
22:59,24.256050,3.93929625,29.257248,4.75151396,28.565102,4.63910627
23:00,15.916844,2.58497000,29.193523,4.74116516,31.777794,5.16086245
23:01,19.762779,3.20956802,29.106792,4.72707939,35.948479,5.83820152
23:02,26.159981,4.24850368,28.888340,4.69160175,39.233452,6.37169647
23:03,16.459463,2.67309403,28.925785,4.69768286,41.245621,6.69848204
23:04,27.911594,4.53297377,28.702396,4.66140366,35.350113,5.74102402
23:05,23.446880,3.80788326,28.566452,4.63932562,29.179054,4.73881531
23:06,21.447756,3.48321605,28.695072,4.66021442,25.260319,4.10239410
23:07,23.599195,3.83261991,28.496792,4.62801266,24.553932,3.98767376
23:08,28.796921,4.67675495,28.727085,4.66541338,31.333534,5.08871269
23:09,24.275089,3.94238830,29.247387,4.74991274,32.776764,5.32310009
23:10,20.648106,3.35334921,29.424381,4.77865744,30.113308,4.89054251
23:11,23.351685,3.79242301,29.344639,4.76570702,30.261185,4.91455841
23:12,25.436487,4.13100481,29.525730,4.79511690,32.343910,5.25280237
23:13,25.741116,4.18047762,29.966442,4.86669064,33.961319,5.51547718
23:14,17.516144,2.84470391,30.197849,4.90427208,33.583641,5.45414066
23:15,23.008978,3.73676586,30.138042,4.89455938,32.253349,5.23809528
23:16,19.524788,3.17091703,29.798824,4.83946848,30.122341,4.89200926
23:17,23.960941,3.89136910,29.716724,4.82613516,29.785873,4.83736563
23:18,25.036661,4.06607103,29.501980,4.79125977,26.483521,4.30104780
23:19,29.358580,4.76797104,29.313282,4.76061440,24.426193,3.96692824
23:20,28.539890,4.63501215,29.393135,4.77358294,24.660805,4.00503016
23:21,29.310982,4.76024103,29.414581,4.77706575,23.010624,3.73703313
23:22,23.989502,3.89600754,29.601280,4.80738640,20.907188,3.39542532
23:23,25.960068,4.21603680,30.013073,4.87426376,17.454155,2.83463645
23:24,22.218847,3.60844493,30.255154,4.91357851,14.262993,2.31637692
23:25,23.465921,3.81097555,30.654903,4.97849989,16.387680,2.66143608
23:26,22.275965,3.61772108,31.031956,5.03973484,22.982086,3.73239851
23:27,26.502687,4.30416059,31.124901,5.05482960,28.629208,4.64951754
23:28,23.047056,3.74294996,31.148216,5.05861616,29.698013,4.82309675
23:29,25.208015,4.09389973,30.804821,5.00284719,23.915806,3.88403893
23:30,27.407053,4.45103407,30.633781,4.97506952,18.826477,3.05750799
23:31,33.804253,5.48996925,30.564430,4.96380663,14.800781,2.40371633
23:32,29.691767,4.82208204,30.399979,4.93709898,14.355301,2.33136821
23:33,24.741552,4.01814413,30.266365,4.91539955,15.856750,2.57521057
23:34,17.896929,2.90654516,30.382969,4.93433666,16.820198,2.73167896
23:35,18.753696,3.04568815,30.743275,4.99285173,17.106026,2.77809882
23:36,33.242596,5.39875317,31.255436,5.07602930,17.015076,2.76332808
23:37,23.266008,3.77850890,31.499741,5.11570549,15.645432,2.54089141
23:38,23.532558,3.82179785,31.226624,5.07135010,15.241615,2.47530985
23:39,23.589676,3.83107400,30.783955,4.99945831,18.308136,2.97332716
23:40,28.720764,4.66438675,30.770012,4.99719429,22.973297,3.73097110
23:41,28.720764,4.66438675,30.804665,5.00282192,21.617531,3.51078820
23:42,28.968275,4.70458364,30.808849,5.00350142,20.735367,3.36752081
23:43,28.359016,4.60563707,30.740124,4.99234009,20.955223,3.40322638
23:44,25.093781,4.07534742,31.036594,5.04048824,23.813957,3.86749816
23:45,25.008102,4.06143284,31.306778,5.08436728,25.775871,4.18612242
23:46,29.387138,4.77260876,31.567307,5.12667847,26.872852,4.36427736
23:47,26.131420,4.24386501,31.796722,5.16393661,24.311424,3.94828916
23:48,27.359455,4.44330359,31.929497,5.18549967,19.747734,3.20712447
23:49,27.825916,4.51905918,32.008396,5.19831371,14.722000,2.39092183
23:50,25.560242,4.15110302,32.218143,5.23237753,10.821190,1.75741196
23:51,34.603905,5.61983633,32.376038,5.25802040,9.436066,1.53246129
23:52,32.937965,5.34927988,32.436726,5.26787615,12.209801,1.98292887
23:53,26.797796,4.35208750,32.279968,5.24241829,15.219086,2.47165084
23:54,27.730721,4.50359917,32.261097,5.23935318,17.748604,2.88245654
23:55,25.398409,4.12482071,32.456081,5.27101994,16.571373,2.69126868
23:56,26.655001,4.32889700,32.888081,5.34117842,14.889404,2.41810894
23:57,30.072554,4.88392353,33.097027,5.37511206,13.942917,2.26439500
23:58,35.098927,5.70023012,33.167629,5.38657856,16.920631,2.74798989
23:59,34.442070,5.59355354,33.065002,5.36991119,19.758316,3.20884323
