Time(UTC),TEC_actual(TECU),Delay_actual_L1(m),TEC_LSTM(TECU),Delay_LSTM_L1(m),TEC_Transformer(TECU),Delay_Transformer_L1(m)
00:00,37.812023,6.14084959,119.153130,19.35102654,43.442329,7.05523777
00:01,38.621193,6.27226257,109.857620,17.84139252,44.510597,7.22872972
00:02,44.923199,7.29573822,99.785248,16.20559120,46.841843,7.60733461
00:03,41.381889,6.72061253,88.689026,14.40351295,40.534500,6.58299255
00:04,38.944862,6.32482815,78.450363,12.74070644,40.458931,6.57072020
00:05,53.738384,8.72736549,69.750633,11.32782936,42.504890,6.90299320
00:06,58.422050,9.48801517,63.128006,10.25228405,43.952026,7.13801527
00:07,64.067200,10.40481377,58.624634,9.52091503,43.068840,6.99458122
00:08,67.751305,11.00312901,55.582001,9.02677727,41.108482,6.67621040
00:09,53.757427,8.73045826,52.948395,8.59906769,38.639801,6.27528477
00:10,58.022224,9.42308140,52.046143,8.45253754,42.780800,6.94780254
00:11,58.479168,9.49729061,52.794044,8.57400036,49.654243,8.06408215
00:12,44.656647,7.25244856,54.727341,8.88797665,56.520416,9.17918015
00:13,45.561012,7.39932203,56.007797,9.09592915,51.502609,8.36426544
00:14,48.692974,7.90796709,57.935608,9.40901375,48.082146,7.80876589
00:15,62.258469,10.11106682,59.503731,9.66368484,39.128212,6.35460520
00:16,34.594383,5.61828995,59.972397,9.73979855,34.974480,5.68001938
00:17,52.691227,8.55730247,59.375984,9.64293766,37.748833,6.13058710
00:18,49.587822,8.05329514,59.044731,9.58914089,46.406441,7.53662348
00:19,40.943985,6.64949512,59.081688,9.59514332,50.372925,8.18079948
00:20,46.370182,7.53073502,59.342590,9.63751507,47.550667,7.72245121
00:21,47.969482,7.79046869,59.343697,9.63769436,39.668930,6.44242001
00:22,34.565826,5.61365223,57.740265,9.37728977,28.862717,4.68744040
00:23,36.041370,5.85328722,55.104805,8.94927883,24.361900,3.95648670
00:24,39.449402,6.40676785,52.389343,8.50827503,24.608360,3.99651313
00:25,40.810711,6.62785053,49.050629,7.96605206,24.480515,3.97575021
00:26,49.368870,8.01773548,46.311104,7.52114010,30.172569,4.90016651
00:27,61.097073,9.92245102,45.130280,7.32936907,34.604195,5.61988354
00:28,62.458382,10.14353371,45.000534,7.30829763,32.139091,5.21953917
00:29,41.210537,6.69278431,44.840195,7.28225756,27.485474,4.46376991
00:30,56.413406,9.16180134,45.148979,7.33240557,27.929222,4.53583670
00:31,34.146961,5.54562664,45.990097,7.46900749,27.470818,4.46138954
00:32,33.356831,5.41730547,48.077232,7.80796766,28.303467,4.59661579
00:33,35.727222,5.80226851,50.538452,8.20768166,27.657036,4.49163246
00:34,34.537266,5.60901403,54.549911,8.85916138,33.846672,5.49685812
00:35,33.242596,5.39875317,62.393188,10.13294601,45.359077,7.36652660
00:36,30.148710,4.89629173,71.563988,11.62232685,51.250244,8.32327938
00:37,41.058220,6.66804743,81.951599,13.30932331,64.252220,10.43486118
00:38,39.687393,6.44541883,82.628937,13.41932678,38.029861,6.17622757
00:39,32.833248,5.33227348,78.882721,12.81092358,40.393921,6.56016207
00:40,34.251678,5.56263304,72.908051,11.84060860,39.884079,6.47736120
00:41,40.172894,6.52426624,66.797287,10.84819221,40.723640,6.61370993
00:42,31.500500,5.11582899,60.771927,9.86964607,40.007248,6.49736452
00:43,35.327396,5.73733473,55.687508,9.04391193,40.116737,6.51514626
00:44,31.966963,5.19158459,51.604408,8.38079739,39.177116,6.36254740
00:45,36.117527,5.86565542,48.402161,7.86073780,38.818245,6.30426502
00:46,35.717701,5.80072212,45.597969,7.40532398,37.258598,6.05097103
00:47,34.565826,5.61365223,43.628990,7.08555269,36.602127,5.94435692
00:48,33.356831,5.41730547,42.218964,6.85655737,36.474922,5.92369843
00:49,41.001102,6.65877104,41.022240,6.66220379,38.868622,6.31244612
00:50,37.783463,6.13621140,40.050743,6.50442839,41.730247,6.77718782
00:51,31.709932,5.14984179,39.224091,6.37017632,43.677719,7.09346628
00:52,33.290192,5.40648317,38.387100,6.23424482,43.738464,7.10333157
00:53,41.534203,6.74534893,37.866249,6.14965630,42.328743,6.87438631
00:54,42.924072,6.97107029,37.346146,6.06518888,40.827820,6.63062906
00:55,47.560139,7.72398949,36.755569,5.96927691,43.458015,7.05778551
00:56,36.993336,6.00789118,36.684265,5.95769644,46.328918,7.52403355
00:57,50.977692,8.27901554,37.157852,6.03460932,43.805061,7.11414719
00:58,48.721535,7.91260576,37.402878,6.07440281,37.699738,6.12261391
00:59,41.115337,6.67732334,38.572090,6.26428843,38.973503,6.32947969
01:00,49.749657,8.07957745,39.381554,6.39574909,38.306839,6.22121000
01:01,37.497875,6.08983088,40.823570,6.62993908,48.993324,7.95674562
01:02,45.637169,7.41169024,42.011581,6.82287788,55.170509,8.95994949
01:03,43.714203,7.09939146,42.811157,6.95273256,58.175911,9.44804096
01:04,55.594715,9.02884197,43.666374,7.09162378,58.651367,9.52525711
01:05,56.632359,9.19736004,43.916229,7.13220119,53.547661,8.69639111
01:06,61.896721,10.05231762,43.840485,7.11990023,50.676819,8.23015308
01:07,52.272362,8.48927689,43.453484,7.05704927,48.253281,7.83655882
01:08,44.628090,7.24781084,43.928322,7.13416529,52.874565,8.58707714
01:09,41.048702,6.66650152,44.305603,7.19543743,53.959129,8.76321507
01:10,48.178913,7.82448149,44.964798,7.30249405,56.652695,9.20066357
01:11,55.594715,9.02884197,45.968102,7.46543503,54.112839,8.78817844
01:12,60.535412,9.83123493,46.115021,7.48929548,46.509872,7.55342102
01:13,45.465816,7.38386154,45.772232,7.43362522,45.664154,7.41607285
01:14,53.252884,8.64851761,45.393524,7.37212086,48.801445,7.92558336
01:15,48.740574,7.91569757,45.253471,7.34937572,52.003502,8.44561195
01:16,56.518124,9.17880821,45.892670,7.45318460,54.558189,8.86050606
01:17,53.700310,8.72118187,45.865570,7.44878340,48.810272,7.92701674
01:18,57.032185,9.26229382,46.204483,7.50382471,47.656410,7.73962450
01:19,60.659168,9.85133362,46.611343,7.56990051,43.993378,7.14473057
01:20,50.263718,8.16306305,47.272766,7.67731857,46.497940,7.55148315
01:21,55.566158,9.02420425,47.626686,7.73479700,48.658928,7.90243769
01:22,47.817169,7.76573229,48.136742,7.81763220,49.360229,8.01633263
01:23,56.156376,9.12005901,48.850533,7.93355560,47.397865,7.69763565
01:24,51.367996,8.34240341,49.824303,8.09170055,45.224060,7.34459925
01:25,54.566593,8.86187077,50.899239,8.26627445,43.417870,7.05126572
01:26,51.139523,8.30529785,51.338509,8.33761406,44.089691,7.16037226
01:27,64.600296,10.49139118,52.194771,8.47667503,50.944046,8.27355194
01:28,65.457069,10.63053513,52.990135,8.60584641,52.750504,8.56692886
01:29,78.061073,12.67748451,53.826530,8.74168110,53.209572,8.64148426
01:30,68.874619,11.18556118,53.876022,8.74971867,47.867020,7.77382851
01:31,70.083611,11.38190651,54.339172,8.82493591,46.246849,7.51070499
01:32,70.350166,11.42519665,55.963509,9.08873558,49.286812,8.00440884
01:33,91.531372,14.86512375,59.794243,9.71086502,62.942871,10.22221756
01:34,84.772423,13.76743889,63.178566,10.26049519,64.011246,10.39572620
01:35,67.770340,11.00622082,66.392090,10.78238678,65.388809,10.61944866
01:36,76.080986,12.35590839,68.271530,11.08761597,59.617233,9.68211842
01:37,79.298630,12.87846947,71.320435,11.58277321,63.482498,10.30985546
01:38,71.901863,11.67719936,77.032333,12.51041222,71.566238,11.62269211
01:39,72.806229,11.82407284,80.077728,13.00499821,65.164047,10.58294678
01:40,65.818817,10.68928432,82.555038,13.40732479,69.176468,11.23458290
01:41,76.499855,12.42393494,83.338402,13.53454685,65.203568,10.58936501
01:42,90.798355,14.74607849,83.502388,13.56117916,65.612587,10.65579128
01:43,86.143250,13.99006748,82.296700,13.36536980,57.431679,9.32717419
01:44,72.301689,11.74213314,80.741280,13.11276245,55.648254,9.03753757
01:45,72.111298,11.71121311,79.460602,12.90477371,59.216843,9.61709309
01:46,79.812691,12.96195507,79.332191,12.88391972,66.371880,10.77910423
01:47,71.483002,11.60917473,80.127365,13.01305962,67.539719,10.96876717
01:48,67.922653,11.03095722,81.146080,13.17850399,64.818619,10.52684784
01:49,68.493835,11.12372017,82.368301,13.37699795,64.407562,10.46008968
01:50,82.582909,13.41185093,83.831573,13.61464024,63.367012,10.29109955
01:51,73.396446,11.91992664,84.243362,13.68151665,60.823883,9.87808323
01:52,73.682037,11.96630859,82.914757,13.46574497,63.374985,10.29239464
01:53,82.830414,13.45204735,81.806793,13.28580666,72.190773,11.72412014
01:54,62.886765,10.21310520,81.285919,13.20121384,71.107620,11.54821110
01:55,66.761261,10.84234142,80.701599,13.10631752,61.308105,9.95672321
01:56,62.601173,10.16672421,80.426422,13.06162739,54.609055,8.86876678
01:57,57.470085,9.33341122,80.387123,13.05524540,53.946800,8.76121330
01:58,70.626236,11.47003174,79.461533,12.90492535,58.327751,9.47270012
01:59,65.104843,10.57333183,77.914246,12.65363884,66.973236,10.87676716
02:00,67.037331,10.88717651,76.163803,12.36935902,71.961655,11.68690968
02:01,69.702827,11.32006550,73.594711,11.95212555,68.025665,11.04768658
02:02,103.440445,16.79921341,72.652550,11.79911423,69.732758,11.32492638
02:03,65.409470,10.62280464,72.433838,11.76359463,65.195892,10.58811855
02:04,68.217766,11.07888508,72.729965,11.81168747,67.114975,10.89978600
02:05,63.762569,10.35534000,74.980400,12.17716789,79.909012,12.97759819
02:06,65.276192,10.60115910,79.027481,12.83443356,88.569550,14.38410950
02:07,63.162834,10.25794029,85.616951,13.90459442,93.779236,15.23018742
02:08,63.724491,10.34915638,90.828278,14.75093746,80.217499,13.02769756
02:09,58.974190,9.57768440,90.381691,14.67841053,62.439339,10.14044094
02:10,55.204411,8.96545506,88.346619,14.34790516,67.349091,10.93780804
02:11,61.934799,10.05850124,85.969254,13.96181011,73.628265,11.95757580
02:12,63.753052,10.35379410,83.195404,13.51132393,75.517654,12.26442051
02:13,65.533226,10.64290333,79.768814,12.95482922,72.492767,11.77316475
02:14,66.694618,10.83151817,76.233078,12.38060951,67.386459,10.94387722
02:15,71.140297,11.55351734,73.396706,11.91996861,62.471535,10.14566994
02:16,80.878891,13.13511086,71.569527,11.62322617,62.924210,10.21918678
02:17,92.930756,15.09239006,70.370239,11.42845631,68.634621,11.14658356
02:18,76.604568,12.44094086,69.766724,11.33044243,75.645081,12.28511524
02:19,65.685539,10.66763973,69.860435,11.34566212,79.151443,12.85456562
02:20,80.869370,13.13356495,70.437164,11.43932533,77.990631,12.66604424
02:21,78.794090,12.79652977,70.538940,11.45585442,73.061310,11.86549950
02:22,63.267548,10.27494621,70.636139,11.47163963,73.130936,11.87680626
02:23,63.400826,10.29659081,71.307770,11.58071613,77.005836,12.50610828
02:24,56.346767,9.15097904,72.027924,11.69767189,78.226631,12.70437145
02:25,65.952087,10.71092796,72.922150,11.84289837,78.876358,12.80988979
02:26,61.858643,10.04613304,72.610825,11.79233837,72.886719,11.83714485
02:27,58.507729,9.50192928,71.980713,11.69000530,70.965820,11.52518177
02:28,61.792004,10.03531075,70.990799,11.52923870,68.163574,11.07008362
02:29,62.306065,10.11879730,70.457260,11.44258881,70.719376,11.48515797
02:30,68.255844,11.08506870,69.920418,11.35540390,71.532875,11.61727428
02:31,67.046844,10.88872147,69.087914,11.22020054,70.323204,11.42081833
02:32,62.896282,10.21465111,68.633606,11.14641953,69.547287,11.29480553
02:33,61.801525,10.03685760,68.342453,11.09913445,66.985107,10.87869549
02:34,64.486061,10.47283840,68.067245,11.05443954,66.578232,10.81261730
02:35,63.753052,10.35379410,68.101860,11.06006145,70.256821,11.41003704
02:36,58.088863,9.43390369,68.092926,11.05860996,72.314499,11.74421310
02:37,56.975063,9.25301743,67.829163,11.01577377,68.637108,11.14698792
02:38,68.351036,11.10052872,67.528595,10.96695995,61.513382,9.99006176
02:39,65.999687,10.71865845,67.444748,10.95334339,57.370415,9.31722450
02:40,63.924404,10.38162327,67.089386,10.89563084,55.659485,9.03936100
02:41,62.629734,10.17136192,66.388893,10.78186703,58.841080,9.55606747
02:42,67.846497,11.01858902,66.316879,10.77017212,68.472771,11.12029839
02:43,70.378723,11.42983437,66.890793,10.86337852,75.578957,12.27437687
02:44,62.915321,10.21774292,67.164993,10.90790939,74.332741,12.07198524
02:45,60.944756,9.89771366,67.444260,10.95326424,72.173859,11.72137260
02:46,60.421177,9.81268215,67.980247,11.04031086,71.056755,11.53995037
02:47,60.878120,9.88689232,68.737434,11.16328144,73.733688,11.97469616
02:48,60.687725,9.85597134,69.013382,11.20809650,79.125412,12.85033798
02:49,63.534100,10.31823540,68.744041,11.16435432,85.646118,13.90933132
02:50,64.714539,10.50994396,68.486206,11.12248039,87.456146,14.20328808
02:51,62.820126,10.20228291,68.111977,11.06170464,80.601364,13.09003925
02:52,62.058556,10.07859993,67.770477,11.00624275,73.609360,11.95450497
02:53,60.287903,9.79103756,67.883621,11.02461815,71.453217,11.60433674
02:54,63.496021,10.31205177,68.178230,11.07246399,72.551605,11.78272057
02:55,75.328934,12.23377228,68.520958,11.12812424,74.708847,12.13306713
02:56,80.574265,13.08563805,68.746437,11.16474342,73.985580,12.01560497
02:57,84.800980,13.77207661,68.905960,11.19065094,72.509041,11.77580833
02:58,77.927803,12.65584087,68.641647,11.14772511,69.774315,11.33167553
02:59,76.509377,12.42548084,68.540131,11.13123798,71.579605,11.62486362
03:00,65.076279,10.56869221,68.549614,11.13277817,75.857315,12.31958389
03:01,62.077595,10.08169270,69.575188,11.29933643,86.072517,13.97858047
03:02,65.571304,10.64908695,70.315933,11.41963673,85.512833,13.88768482
03:03,66.608948,10.81760502,71.957321,11.68620586,89.928085,14.60474205
03:04,66.342392,10.77431488,72.577148,11.78686905,82.718689,13.43390274
03:05,64.057678,10.40326691,72.242523,11.73252392,81.013580,13.15698528
03:06,65.552261,10.64599419,72.172424,11.72113991,85.412514,13.87139225
03:07,66.570869,10.81142139,71.773636,11.65637493,88.191360,14.32269001
03:08,66.294800,10.76658630,71.317406,11.58228111,91.319199,14.83066559
03:09,61.001873,9.90699005,70.561523,11.45952225,88.286758,14.33818340
03:10,65.457069,10.63053513,69.944534,11.35931969,84.369690,13.70203304
03:11,70.464401,11.44374943,69.888000,11.35013866,80.617722,13.09269619
03:12,72.006584,11.69420624,70.591820,11.46444225,78.953583,12.82243156
03:13,78.613213,12.76715374,71.120056,11.55023003,78.943657,12.82081985
03:14,67.970253,11.03868771,71.201729,11.56349468,82.271141,13.36121845
03:15,76.318977,12.39455986,71.917984,11.67981720,85.719360,13.92122555
03:16,85.372162,13.86483955,73.583710,11.95033932,84.289841,13.68906498
03:17,82.287796,13.36392403,75.029167,12.18508816,78.087662,12.68180180
03:18,72.834793,11.82871151,75.571838,12.27322102,73.378693,11.91704369
03:19,82.116440,13.33609486,76.108948,12.36044979,76.122559,12.36266041
03:20,90.493729,14.69660568,77.471588,12.58174896,81.415939,13.22233009
03:21,81.173996,13.18303776,79.225349,12.86656761,83.071091,13.49113464
03:22,94.196869,15.29801273,80.217285,13.02766323,81.256294,13.19640255
03:23,88.466042,14.36730003,81.194283,13.18633175,82.964096,13.47375774
03:24,77.099594,12.52133560,83.212311,13.51406956,86.002869,13.96726894
03:25,87.142815,14.15240192,84.991196,13.80296803,85.356140,13.86223698
03:26,87.885345,14.27299213,86.598709,14.06403637,89.004417,14.45473480
03:27,97.100365,15.76955414,87.608139,14.22797203,88.614098,14.39134502
03:28,92.806999,15.07229137,87.308472,14.17930508,84.660126,13.74920082
03:29,98.823418,16.04938698,87.109390,14.14697361,85.933388,13.95598507
03:30,99.499313,16.15915489,87.326385,14.18221378,83.693527,13.59222126
03:31,106.581924,17.30940437,88.754448,14.41413784,85.145187,13.82797718
03:32,102.317123,16.61678123,90.381187,14.67832851,87.541840,14.21720505
03:33,110.970482,18.02212715,91.544296,14.86722279,90.599609,14.71380138
03:34,120.766197,19.61299706,92.272507,14.98548794,90.120987,14.63607025
03:35,125.050034,20.30871201,94.040726,15.27265453,91.644135,14.88343716
03:36,113.264717,18.39472008,96.520050,15.67530823,88.239792,14.33055592
03:37,111.560699,18.11798096,97.815002,15.88561440,80.836441,13.12821674
03:38,123.336494,20.03042412,100.025894,16.24467468,88.916000,14.44037533
03:39,127.934486,20.77716064,103.839317,16.86399269,99.100380,16.09436607
03:40,119.214493,19.36099243,106.635078,17.31803703,96.745979,15.71200085
03:41,136.597366,22.18405151,107.355232,17.43499374,92.270233,14.98511791
03:42,134.226974,21.79908943,108.219688,17.57538414,94.684830,15.37726021
03:43,126.306625,20.51278877,109.566643,17.79413605,92.882225,15.08450890
03:44,132.694305,21.55017662,111.500908,18.10827065,93.141449,15.12660789
03:45,140.976395,22.89522743,114.487839,18.59336090,99.421051,16.14644432
03:46,86.742989,14.08746815,117.248024,19.04162788,102.769806,16.69029808
03:47,85.324562,13.85710907,118.661072,19.27111435,102.453865,16.63898849
03:48,84.524910,13.72724152,119.497131,19.40689468,102.289612,16.61231232
03:49,87.028580,14.13384914,120.388687,19.55168724,98.904655,16.06258011
03:50,83.887100,13.62365818,122.731567,19.93218231,101.574898,16.49623871
03:51,108.533455,17.62634087,119.995911,19.48789787,86.984695,14.12672234
03:52,108.362099,17.59851265,115.050377,18.68472099,90.327301,14.66957664
03:53,105.572845,17.14552498,109.414444,17.76941872,90.485107,14.69520569
03:54,102.745506,16.68635178,103.831482,16.86271858,89.634521,14.55706596
03:55,117.910301,19.14918518,98.972672,16.07362556,87.321625,14.18144131
03:56,121.327850,19.70421219,95.732452,15.54739857,86.755051,14.08942699
03:57,103.231010,16.76519966,94.610016,15.36511040,92.230545,14.97867298
03:58,93.977921,15.26245499,93.979828,15.26276493,93.380203,15.16538239
03:59,102.498001,16.64615631,94.527039,15.35163403,97.589920,15.84906006
04:00,112.160439,18.21538162,96.841026,15.72743607,102.662491,16.67286873
04:01,102.678871,16.67552948,97.950867,15.90767956,94.187401,15.29647541
04:02,98.252235,15.95662308,98.200134,15.94816208,91.681107,14.88944149
04:03,108.600090,17.63716316,99.568802,16.17044067,99.407471,16.14423943
04:04,104.982628,17.04967117,103.033493,16.73312187,113.580620,18.44602585
04:05,104.259132,16.93217087,106.992065,17.37601280,117.486496,19.08035660
04:06,113.026726,18.35606956,110.299286,17.91312027,115.595360,18.77322769
04:07,103.687958,16.83941078,114.224289,18.55056000,117.251289,19.04215813
04:08,103.269089,16.77138329,117.811432,19.13312912,110.413376,17.93165016
04:09,104.030663,16.89506721,121.446533,19.72348595,110.692810,17.97703171
04:10,109.304543,17.75156975,123.977661,20.13455391,108.402054,17.60500145
04:11,118.881302,19.30688095,125.926376,20.45103455,109.959198,17.85788918
04:12,107.800438,17.50729561,127.052223,20.63387680,108.734772,17.65903664
04:13,110.361221,17.92317963,126.982002,20.62247276,104.875694,17.03230476
04:14,114.778336,18.64053917,126.983566,20.62272644,103.924866,16.87788582
04:15,109.333099,17.75620842,127.210327,20.65955353,102.361450,16.62397957
04:16,115.749344,18.79823494,126.952301,20.61764908,102.256447,16.60692596
04:17,108.790482,17.66808319,126.832863,20.59825134,105.054779,17.06138802
04:18,112.998169,18.35143280,127.152786,20.65020752,104.196503,16.92200089
04:19,118.748032,19.28523636,127.177040,20.65414810,99.001678,16.07833672
04:20,118.748032,19.28523636,126.437592,20.53405762,93.483192,15.18210888
04:21,117.643753,19.10589600,125.395470,20.36481285,91.724487,14.89648628
04:22,121.308815,19.70112038,122.839645,19.94973373,89.237411,14.49257374
04:23,135.083740,21.93823242,120.963829,19.64509201,99.958954,16.23380280
04:24,131.866104,21.41567421,119.298973,19.37471199,102.437500,16.63632965
04:25,119.833267,19.46148491,119.483345,19.40465546,109.318230,17.75379372
04:26,134.388809,21.82537270,120.255165,19.53000259,106.136742,17.23710442
04:27,138.339462,22.46697617,121.167107,19.67810631,102.082985,16.57875443
04:28,130.419113,21.18067551,122.257935,19.85526085,102.296333,16.61340332
04:29,118.024536,19.16773796,122.772964,19.93890572,108.300827,17.58856201
04:30,124.088547,20.15256119,123.613350,20.07538795,120.897018,19.63424301
04:31,131.951782,21.42958832,124.716644,20.25456810,118.278061,19.20891190
04:32,128.296234,20.83590889,125.238007,20.33923912,105.617531,17.15278244
04:33,131.761383,21.39866638,123.995300,20.13741875,91.117203,14.79786110
04:34,134.322174,21.81455040,122.747871,19.93482971,91.810913,14.91052246
04:35,131.666183,21.38320541,122.445908,19.88578987,99.790802,16.20649338
04:36,131.066452,21.28580666,122.592323,19.90956688,104.109772,16.90791512
04:37,132.922775,21.58728218,123.376694,20.03695297,107.103851,17.39416695
04:38,132.161209,21.46360016,124.313034,20.18902016,105.794556,17.18153191
04:39,128.600861,20.88538170,125.033554,20.30603600,102.550880,16.65474319
04:40,136.959106,22.24279976,125.746964,20.42189598,102.909569,16.71299553
04:41,146.926178,23.86149979,125.886627,20.44457817,107.112587,17.39558601
04:42,146.621552,23.81202698,124.845566,20.27550507,111.698769,18.14040375
04:43,139.043915,22.58138275,123.887520,20.11991310,118.124847,19.18402863
04:44,146.478745,23.78883362,124.240700,20.17727280,122.466370,19.88911247
04:45,162.214722,26.34443092,125.952065,20.45520592,120.711990,19.60419273
04:46,162.338470,26.36452866,128.888397,20.93207932,118.624268,19.26513672
04:47,165.346680,26.85307503,130.760757,21.23616028,113.174637,18.38009071
04:48,168.564331,27.37563705,132.750748,21.55934334,122.014534,19.81573296
04:49,156.074554,25.34723854,136.050186,22.09518814,131.880280,21.41797447
04:50,147.221283,23.90942574,139.784256,22.70161819,131.132858,21.29659081
04:51,153.047302,24.85559845,143.591675,23.31996155,127.802635,20.75574684
04:52,157.502502,25.57914543,146.872681,23.85281181,122.927223,19.96395683
04:53,165.689392,26.90873337,149.283722,24.24437523,122.603256,19.91134262
04:54,171.839081,27.90747261,149.774017,24.32400322,123.304131,20.02516937
04:55,170.868073,27.74977493,148.376816,24.09708977,124.855453,20.27711105
04:56,176.084839,28.59700394,146.419220,23.77916718,126.991142,20.62395668
04:57,175.856369,28.55989838,145.999573,23.71101570,132.300690,21.48625183
04:58,184.347885,29.93896103,146.749802,23.83285522,131.870819,21.41643906
04:59,182.567719,29.64985275,147.838943,24.00973701,130.471817,21.18923378
05:00,177.998291,28.90775681,150.386398,24.42345619,140.568542,22.82899094
05:01,197.342209,32.04930115,153.649460,24.95339203,147.252228,23.91445160
05:02,184.281250,29.92813873,156.154892,25.36028671,143.490173,23.30347633
05:03,186.204224,30.24043846,158.660873,25.76726913,139.859283,22.71380234
05:04,185.890076,30.18941879,160.508011,26.06725311,127.863358,20.76560783
05:05,178.893143,29.05308533,161.320511,26.19920731,119.217346,19.36145592
05:06,178.483795,28.98660469,161.659668,26.25428772,121.046570,19.65852928
05:07,143.261108,23.26627541,162.985214,26.46956253,131.591782,21.37112236
05:08,146.050369,23.71926498,163.292740,26.51950645,129.683746,21.06124878
05:09,162.490784,26.38926506,163.311279,26.52251625,133.314499,21.65089989
05:10,148.668274,24.14442444,163.921509,26.62162209,137.699860,22.36310196
05:11,141.861725,23.03900909,164.409973,26.70095062,134.413696,21.82941437
05:12,155.017868,25.17562866,165.631775,26.89937592,137.430450,22.31934929
05:13,160.910538,26.13262558,167.274109,27.16609955,143.497009,23.30458641
05:14,158.492538,25.73993111,169.041077,27.45306396,149.992859,24.35954285
05:15,177.389038,28.80881119,168.656738,27.39064407,144.810318,23.51787376
05:16,194.809982,31.63805389,167.462738,27.19673347,147.089966,23.88809967
05:17,177.503265,28.82736206,165.899170,26.94280243,143.375534,23.28485870
05:18,163.128601,26.49284935,163.467651,26.54791260,137.124146,22.26960373
05:19,153.713684,24.96382332,161.512390,26.23036957,142.406067,23.12741280
05:20,176.351395,28.64029312,161.574905,26.24052238,151.512222,24.60629463
05:21,180.140213,29.25561523,161.786316,26.27485657,147.747437,23.99487686
05:22,151.286179,24.56958389,161.823029,26.28081894,144.143707,23.40961266
05:23,132.465836,21.51307297,159.484070,25.90096092,130.397949,21.17723846
05:24,177.798386,28.87529182,158.614944,25.75980949,134.931244,21.91346550
05:25,185.271301,30.08892822,158.812378,25.79187393,136.868240,22.22804451
05:26,172.791046,28.06207657,154.718826,25.12706184,124.117752,20.15730476
05:27,126.820686,20.59627342,151.412582,24.59011269,137.030151,22.25433922
05:28,132.189774,21.46823883,151.478409,24.60080338,141.559479,22.98992348
05:29,201.940186,32.79603195,154.083206,25.02383423,135.120117,21.94413948
05:30,137.054306,22.25826073,155.433365,25.24310684,121.244278,19.69063950
05:31,125.487938,20.37982941,152.462311,24.76059341,110.945885,18.01813126
05:32,218.628128,35.50623322,148.751038,24.15786552,119.840019,19.46258163
05:33,186.822998,30.34093094,150.956360,24.51601982,147.560608,23.96453476
05:34,182.662918,29.66531372,153.887314,24.99202156,139.360352,22.63277435
05:35,195.904739,31.81584740,152.073685,24.69747925,116.660011,18.94613266
05:36,184.347885,29.93896103,153.533569,24.93457031,134.716278,21.87855530
05:37,128.419983,20.85600662,155.817474,25.30548859,130.732330,21.23154259
05:38,136.502167,22.16859245,157.323990,25.55015373,130.450378,21.18575287
05:39,139.948273,22.72825623,159.024048,25.82625008,136.724030,22.20462227
05:40,127.115799,20.64420128,156.338242,25.39006233,119.002502,19.32656479
05:41,122.765320,19.93766403,151.853989,24.66179848,119.031517,19.33127594
05:42,136.302246,22.13612366,146.551483,23.80064774,118.073746,19.17572975
05:43,140.224350,22.77309227,142.742981,23.18212891,126.566132,20.55493355
05:44,132.208801,21.47132874,139.455505,22.64822769,132.126953,21.45803642
05:45,140.310028,22.78700638,135.400742,21.98971558,135.407547,21.99081993
05:46,144.117874,23.40541840,131.657120,21.38173294,140.564636,22.82835579
05:47,142.242508,23.10084915,130.141541,21.13559532,144.257172,23.42804146
05:48,206.604813,33.55358887,128.547592,20.87673187,131.221237,21.31094360
05:49,211.840622,34.40391159,128.479889,20.86573601,136.240921,22.12616348
05:50,201.987793,32.80376434,128.018265,20.79076576,138.707138,22.52668953
05:51,200.150497,32.50537872,129.549683,21.03947639,156.257309,25.37691879
05:52,206.918961,33.60461044,133.456497,21.67395973,162.031128,26.31461525
05:53,196.751984,31.95344353,141.132980,22.92065811,167.296600,27.16975212
05:54,197.028061,31.99827957,148.562393,24.12722969,153.231903,24.88558006
05:55,197.427887,32.06321335,155.840378,25.30920792,148.418777,24.10390472
05:56,137.159027,22.27526855,162.572327,26.40250778,147.364136,23.93262672
05:57,141.252472,22.94006348,168.204971,27.31727600,153.132187,24.86938477
05:58,141.585648,22.99417305,171.947418,27.92506599,157.938675,25.64998055
05:59,151.276657,24.56803894,176.333710,28.63742065,179.770355,29.19554901
06:00,136.816315,22.21961021,181.006332,29.39627647,181.927460,29.54587173
06:01,149.077621,24.21090508,185.514297,30.12839127,174.964890,28.41511726
06:02,151.619354,24.62369347,191.371368,31.07960701,180.343750,29.28866959
06:03,140.995438,22.89831924,196.689392,31.94327927,172.659744,28.04075241
06:04,134.760071,21.88566780,197.569550,32.08621979,146.852936,23.84960556
06:05,130.200165,21.14511681,195.507385,31.75131607,143.845093,23.36111641
06:06,145.003204,23.54920006,196.167496,31.85852051,168.840454,27.42048073
06:07,146.535873,23.79811287,195.798401,31.79857826,149.889191,24.34270668
06:08,147.078491,23.88623619,190.387726,30.91985893,122.928925,19.96423340
06:09,141.737976,23.01891136,187.564270,30.46131706,154.073715,25.02229309
06:10,144.584335,23.48117447,187.736877,30.48934937,173.216064,28.13109970
06:11,155.512894,25.25602341,183.946960,29.87384796,140.242859,22.77609825
06:12,152.371414,24.74583244,178.429291,28.97775269,137.175385,22.27792549
06:13,147.973328,24.03156090,171.341782,27.82670784,128.310440,20.83821678
06:14,148.496918,24.11659622,163.916550,26.62081528,127.410667,20.69208908
06:15,158.473495,25.73683739,158.036407,25.66585350,138.104721,22.42885399
06:16,157.016998,25.50029564,153.520020,24.93237114,147.513290,23.95685005
06:17,155.065475,25.18335915,149.837006,24.33423233,149.911285,24.34629440
06:18,150.048615,24.36859894,146.863434,23.85131073,147.797012,24.00292778
06:19,157.540573,25.58532715,145.409195,23.61513519,147.955399,24.02865028
06:20,161.043808,26.15426826,145.368301,23.60849380,144.463989,23.46162796
06:21,153.370972,24.90816498,145.334061,23.60293198,140.568024,22.82890511
06:22,158.187912,25.69045830,145.484695,23.62739563,148.792633,24.16462135
06:23,163.861618,26.61189461,145.211075,23.58295822,154.577362,25.10408783
06:24,170.458740,27.68329811,145.386612,23.61146736,160.845978,26.12214088
06:25,202.378098,32.86715317,145.642273,23.65298843,158.589294,25.75564384
06:26,202.292419,32.85323715,146.620850,23.81191254,157.721634,25.61473274
06:27,181.092178,29.41021919,147.777420,23.99974632,153.584778,24.94288826
06:28,177.017761,28.74851418,149.914505,24.34681892,158.748840,25.78155518
06:29,182.529633,29.64366722,151.986954,24.68339348,160.656586,26.09138298
06:30,168.478653,27.36172295,153.311874,24.89856720,158.839493,25.79627800
06:31,172.048508,27.94148445,154.200333,25.04285622,155.466324,25.24845886
06:32,169.383011,27.50859451,155.202530,25.20561790,151.057098,24.53238106
06:33,172.486420,28.01260376,156.895126,25.48050308,150.690506,24.47284508
06:34,177.979248,28.90466309,158.367722,25.71965981,150.880569,24.50371170
06:35,189.240982,30.73362160,161.001343,26.14737320,162.113846,26.32804871
06:36,186.299423,30.25589943,162.549622,26.39882088,155.355835,25.23051643
06:37,186.613571,30.30691910,164.413116,26.70145988,157.679581,25.60790253
06:38,185.452164,30.11830139,166.684479,27.07034111,157.972824,25.65552711
06:39,195.657227,31.77565002,169.359955,27.50485039,159.269867,25.86617279
06:40,178.131561,28.92939949,171.350449,27.82811546,158.298279,25.70838165
06:41,171.772446,27.89665031,172.727127,28.05169487,163.396851,26.53641510
06:42,188.679337,30.64240837,173.623367,28.19724846,168.426056,27.35317993
06:43,196.504471,31.91324615,175.545013,28.50933266,180.908386,29.38036919
06:44,201.778366,32.76975250,176.960190,28.73916435,174.656616,28.36505318
06:45,208.308838,33.83032990,178.152710,28.93283463,170.680206,27.71926498
06:46,214.782196,34.88163376,179.410568,29.13711739,171.060486,27.78102493
06:47,213.915909,34.74094772,181.174866,29.42364693,177.646332,28.85059738
06:48,221.969528,36.04889297,182.840637,29.69417572,175.171906,28.44873810
06:49,199.531723,32.40488815,184.465408,29.95804596,168.211594,27.31835175
06:50,224.787338,36.50651550,187.282410,30.41554070,170.756241,27.73161316
06:51,214.896423,34.90018463,190.756897,30.97981453,175.001740,28.42110252
06:52,201.264297,32.68626404,194.552887,31.59630013,179.936798,29.22257996
06:53,214.249084,34.79505539,196.046600,31.83888626,167.295486,27.16957092
06:54,228.833191,37.16358185,198.820770,32.28942490,187.593460,30.46605682
06:55,174.209473,28.29243469,201.309784,32.69365311,183.835144,29.85568810
06:56,173.790604,28.22440910,202.365814,32.86515808,180.125488,29.25322342
06:57,170.611053,27.70803452,203.854156,33.10686874,197.441391,32.06540680
06:58,172.638733,28.03734016,205.257126,33.33472061,202.236053,32.84408188
06:59,172.553055,28.02342415,206.238159,33.49404526,203.291992,33.01557159
07:00,172.990952,28.09454155,203.841766,33.10485840,181.860764,29.53503990
07:01,171.325027,27.82398796,199.826660,32.45278549,181.494797,29.47560501
07:02,166.346252,27.01541138,195.383286,31.73116112,183.334991,29.77446175
07:03,167.859863,27.26122856,191.138214,31.04174232,186.760559,30.33078957
07:04,176.713135,28.69904137,187.018677,30.37270927,186.678528,30.31746864
07:05,179.721344,29.18758774,183.285034,29.76634789,192.436279,31.25255394
07:06,178.864578,29.04844666,179.981186,29.22978783,201.778671,32.76980209
07:07,177.731735,28.86446762,176.200500,28.61578751,200.332062,32.53486633
07:08,175.551743,28.51042557,172.920227,28.08305550,196.502716,31.91296196
07:09,171.325027,27.82398796,170.124969,27.62909317,185.660629,30.15215683
07:10,175.618378,28.52124786,167.831711,27.25665665,174.838928,28.39466095
07:11,171.601089,27.86882019,166.014648,26.96155739,169.460510,27.52118111
07:12,164.889740,26.77886581,164.567993,26.72661400,170.839325,27.74510765
07:13,166.803192,27.08962059,163.069458,26.48324394,169.354218,27.50391769
07:14,159.977600,25.98111153,162.750580,26.43145752,171.277115,27.81620598
07:15,167.222061,27.15764618,164.329376,26.68786049,177.794876,28.87472153
07:16,166.298645,27.00767899,165.097183,26.81255531,173.593613,28.19241714
07:17,169.449646,27.51941681,164.461533,26.70932388,174.171036,28.28619194
07:18,197.275574,32.03847885,162.733383,26.42866325,175.214691,28.45568657
07:19,198.398880,32.22090912,161.138351,26.16962433,177.767883,28.87033653
07:20,185.585449,30.13994598,161.256805,26.18885994,181.681931,29.50599670
07:21,194.210236,31.54065323,161.650375,26.25277901,174.666245,28.36661720
07:22,179.987900,29.23087883,162.351410,26.36663055,172.127701,27.95434570
07:23,173.904846,28.24296188,163.789032,26.60010719,173.441483,28.16770935
07:24,169.173584,27.47458267,164.321304,26.68655014,169.268341,27.48997116
07:25,183.929031,29.87093735,165.876495,26.93911934,187.651321,30.47545433
07:26,178.731308,29.02680206,166.973312,27.11724854,192.002609,31.18212318
07:27,179.226318,29.10719490,167.079239,27.13445091,191.505905,31.10145569
07:28,174.828247,28.39292717,166.041367,26.96589661,186.185928,30.23746681
07:29,159.177948,25.85124397,166.242737,26.99860001,190.102386,30.87351799
07:30,160.862930,26.12489319,166.178177,26.98811531,183.133163,29.74168396
07:31,163.814026,26.60416603,166.783417,27.08640862,190.191086,30.88792419
07:32,175.999161,28.58308792,167.181839,27.15111351,189.778107,30.82085419
07:33,167.374374,27.18238258,166.996536,27.12101936,187.190567,30.40062523
07:34,164.251923,26.67528152,165.401520,26.86198235,181.608398,29.49405479
07:35,158.521103,25.74456978,163.287872,26.51871490,179.118546,29.08969116
07:36,157.531052,25.58378029,162.656830,26.41623116,181.242477,29.43462753
07:37,180.568588,29.32518578,162.576431,26.40317345,178.642288,29.01234436
07:38,167.431488,27.19165802,161.005508,26.14804840,171.387451,27.83412552
07:39,163.185730,26.50212669,159.857971,25.96168327,180.741486,29.35326385
07:40,166.450958,27.03241539,158.398743,25.72469902,180.259933,29.27505875
07:41,173.152786,28.12082481,158.001617,25.66020393,186.690552,30.31941986
07:42,177.522308,28.83045387,158.091080,25.67473221,181.856125,29.53428650
07:43,177.484222,28.82427025,157.340744,25.55287361,174.629776,28.36069489
07:44,180.930344,29.38393593,157.354889,25.55517197,180.964783,29.38952827
07:45,165.061096,26.80669594,157.866470,25.63825417,180.527145,29.31845474
07:46,156.921799,25.48483467,159.235413,25.86057663,178.228821,28.94519615
07:47,192.087357,31.19588661,159.894165,25.96756172,164.103775,26.65122223
07:48,207.832855,33.75302887,160.749847,26.10652924,161.284088,26.19329262
07:49,177.969727,28.90311813,161.367966,26.20691299,163.159592,26.49788284
07:50,167.402924,27.18701935,160.895630,26.13020515,168.583603,27.37876701
07:51,172.914795,28.08217239,160.824295,26.11861992,178.254440,28.94935608
07:52,169.649567,27.55188370,161.617859,26.24749756,178.807678,29.03920555
07:53,175.865891,28.56144524,161.818283,26.28004837,170.212692,27.64333916
07:54,191.887451,31.16342163,161.018433,26.15014839,162.844650,26.44673347
07:55,186.899155,30.35329819,160.626022,26.08641815,166.041840,26.96597290
07:56,205.900360,33.43918228,160.336960,26.03947449,167.269516,27.16535378
07:57,206.385864,33.51803207,160.640778,26.08881569,170.429169,27.67849541
07:58,198.313202,32.20699310,162.874634,26.45160294,178.510178,28.99088860
07:59,192.858459,31.32111740,165.927826,26.94745636,180.651550,29.33865929
08:00,220.674850,35.83863068,170.742859,27.72944069,193.864212,31.48445702
08:01,201.045349,32.65070724,175.670639,28.52973557,195.415527,31.73639679
08:02,204.234421,33.16862869,179.471115,29.14694977,197.802338,32.12402725
08:03,190.945007,31.01036453,181.526001,29.48067284,198.070526,32.16758347
08:04,204.748489,33.25211334,184.587143,29.97781754,205.171417,33.32080078
08:05,202.102020,32.82231522,187.037949,30.37583923,189.922150,30.84424782
08:06,208.213638,33.81486893,188.472626,30.60883713,181.134613,29.41711044
08:07,206.043152,33.46237183,188.885361,30.67586708,179.491333,29.15023422
08:08,203.825089,33.10214996,189.174438,30.72281456,185.576431,30.13848114
08:09,211.602631,34.36525726,189.845917,30.83186722,193.210205,31.37824249
08:10,215.677032,35.02696228,190.675812,30.96664619,195.660797,31.77622986
08:11,209.060883,33.95246887,191.731522,31.13809776,196.962860,31.98769188
08:12,209.584473,34.03750229,192.332565,31.23571014,195.347809,31.72539902
08:13,201.254776,32.68471909,193.042999,31.35108757,200.631729,32.58353424
08:14,200.826401,32.61515045,194.669006,31.61515808,209.930206,34.09365082
08:15,206.176437,33.48402023,195.231049,31.70643806,202.948425,32.95977402
08:16,198.732071,32.27502060,195.347717,31.72538567,198.788086,32.28411484
08:17,198.951019,32.31057739,195.283508,31.71495628,193.418777,31.41211510
08:18,194.457748,31.58084869,194.400360,31.57152939,188.280075,30.57756615
08:19,196.932861,31.98281860,193.983032,31.50375366,192.770157,31.30677605
08:20,193.210678,31.37831879,192.910004,31.32948875,188.835144,30.66771317
08:21,194.819504,31.63960075,192.112518,31.19997406,196.674713,31.94089508
08:22,183.843353,29.85702133,190.996033,31.01865005,199.846451,32.45600128
08:23,187.993912,30.53109169,189.845627,30.83181953,202.750031,32.92755508
08:24,208.822891,33.91381454,188.368866,30.59198570,196.795273,31.96047401
08:25,186.032867,30.21261024,187.282669,30.41558266,188.897736,30.67787743
08:26,206.271637,33.49948120,185.408997,30.11128998,175.799576,28.55067444
08:27,193.144043,31.36749840,183.573303,29.81316376,177.184631,28.77561378
08:28,190.983078,31.01654625,182.956635,29.71301460,187.374405,30.43048096
08:29,185.280823,30.09047318,182.024719,29.56166649,185.636276,30.14820099
08:30,181.168335,29.42258644,181.540375,29.48300743,186.737213,30.32699776
08:31,233.250305,37.88094330,181.697601,29.50854111,181.752640,29.51748085
08:32,207.575821,33.71128464,182.108490,29.57527161,175.889725,28.56531525
08:33,198.713028,32.27192688,181.994507,29.55676079,173.070969,28.10753632
08:34,206.614334,33.55513763,181.763367,29.51922226,176.591553,28.67929649
08:35,195.828583,31.80348015,183.080063,29.73306084,184.268951,29.92614174
08:36,201.035828,32.64916229,185.783752,30.17215157,182.924316,29.70776558
08:37,198.284653,32.20235825,188.159485,30.55798149,172.010834,27.93536568
08:38,207.023682,33.62161636,189.432129,30.76466560,162.784897,26.43703079
08:39,225.548904,36.63019943,191.204880,31.05256844,170.767212,27.73339462
08:40,215.439041,34.98831177,192.889084,31.32609177,176.936859,28.73537445
08:41,209.508316,34.02513123,195.220963,31.70479965,189.281754,30.74024391
08:42,219.189789,35.59745026,197.758224,32.11686325,192.193237,31.21308327
08:43,215.010666,34.91873932,200.317078,32.53243256,193.470154,31.42045975
08:44,220.722443,35.84635925,203.460312,33.04290771,197.926514,32.14419174
08:45,215.001144,34.91719437,205.515656,33.37670517,189.798950,30.82423973
08:46,212.135727,34.45183563,206.388153,33.51840210,191.889740,31.16379356
08:47,207.109360,33.63553238,207.141891,33.64081573,201.442734,32.71524429
08:48,200.978714,32.63988495,207.646759,33.72280502,198.603882,32.25419998
08:49,211.469360,34.34361649,207.708649,33.73285675,190.743942,30.97771072
08:50,213.306641,34.64199829,206.897369,33.60110092,180.048950,29.24079323
08:51,205.471985,33.36961365,206.503784,33.53718185,178.390228,28.97140884
08:52,206.500107,33.53658676,206.516418,33.53923416,180.995697,29.39455032
08:53,212.059570,34.43946838,206.582275,33.54993057,187.761978,30.49342537
08:54,175.665985,28.52897835,206.653320,33.56146622,191.643112,31.12373924
08:55,177.008240,28.74696732,207.742523,33.73835754,198.698700,32.26959991
08:56,178.816986,29.04071617,208.722641,33.89753342,196.769882,31.95635033
08:57,181.806152,29.52617073,208.895599,33.92562485,193.178391,31.37307549
08:58,184.338379,29.93741608,206.657074,33.56207657,178.318832,28.95981407
08:59,183.691040,29.83228493,203.436188,33.03899002,179.700989,29.18428230
09:00,189.393311,30.75836182,200.402084,32.54623795,180.323700,29.28541374
09:01,172.581619,28.02806282,197.443863,32.06580734,173.885910,28.23988724
09:02,168.945114,27.43747902,195.143982,31.69229698,168.749405,27.40569496
09:03,195.314514,31.71999168,192.324005,31.23431969,154.643829,25.11488342
09:04,169.487732,27.52560234,190.288223,30.90369987,154.752777,25.13257599
09:05,177.769821,28.87065125,188.117081,30.55109596,156.486481,25.41413689
09:06,199.169983,32.34613800,186.115204,30.22598076,166.320999,27.01131058
09:07,184.804840,30.01317215,184.838501,30.01863861,172.949173,28.08775711
09:08,190.754608,30.97944260,184.123444,29.90250969,171.895523,27.91663933
09:09,187.889206,30.51408768,184.292801,29.93001366,171.303146,27.82043457
09:10,175.408951,28.48723602,185.119659,30.06430054,170.523621,27.69383430
09:11,176.694092,28.69594765,186.183212,30.23702621,173.209290,28.13000107
09:12,178.283875,28.95413589,187.167267,30.39684105,180.140457,29.25565529
09:13,184.443085,29.95442200,188.212311,30.56656075,185.091660,30.05975342
09:14,190.250076,30.89750481,188.208710,30.56597710,179.922318,29.22022820
09:15,187.898712,30.51563072,187.794922,30.49877548,177.634186,28.84862328
09:16,188.346146,30.58829689,186.929382,30.35820770,171.685669,27.88255692
09:17,177.931656,28.89693451,186.874374,30.34927368,177.449524,28.81863403
09:18,185.928146,30.19560242,187.458282,30.44410324,187.234039,30.40768623
09:19,193.829453,31.47881126,188.585693,30.62720108,197.579361,32.08781433
09:20,199.398453,32.38324356,188.823425,30.66580963,194.575851,31.60003090
09:21,186.423172,30.27599716,188.382278,30.59416389,190.609009,30.95579720
09:22,189.345703,30.75062943,188.090530,30.54678345,185.579590,30.13899422
09:23,188.003433,30.53263855,187.726318,30.48763466,178.878143,29.05064964
09:24,193.067886,31.35512924,187.578903,30.46369362,181.360641,29.45381737
09:25,185.176102,30.07346725,187.164352,30.39636803,185.974075,30.20306206
09:26,178.179169,28.93713188,187.622223,30.47072792,194.152557,31.53128433
09:27,204.358185,33.18872833,188.634094,30.63506126,191.889877,31.16381454
09:28,204.234421,33.16862869,188.678650,30.64229774,174.273560,28.30284309
09:29,206.119324,33.47474289,188.337799,30.58694077,164.938904,26.78684998
09:30,205.538620,33.38043594,187.734863,30.48902130,167.904129,27.26841736
09:31,195.895218,31.81430054,188.313583,30.58300781,183.982574,29.87963295
09:32,206.385864,33.51803207,189.774307,30.82023621,185.326752,30.09793282
09:33,212.849701,34.56778717,191.709259,31.13448143,178.272110,28.95222664
09:34,206.081238,33.46855927,194.279541,31.55190849,174.296875,28.30662918
09:35,207.499664,33.69891739,196.245209,31.87114143,166.740158,27.07938385
09:36,214.763153,34.87854385,196.974808,31.98963165,163.839767,26.60834694
09:37,184.871475,30.02399445,197.503937,32.07556534,175.360092,28.47930145
09:38,189.421860,30.76299858,197.743347,32.11444473,182.706192,29.67234230
09:39,185.509293,30.12757874,197.099579,32.00989532,183.024963,29.72411156
09:40,184.919067,30.03172302,195.778702,31.79537773,184.597198,29.97945023
09:41,179.140640,29.09327888,194.087585,31.52073288,184.208496,29.91632271
09:42,181.425369,29.46433067,191.971436,31.17706108,184.314346,29.93351364
09:43,203.101593,32.98464966,190.091644,30.87177467,192.141205,31.20463181
09:44,191.982651,31.17888260,188.124786,30.55234718,192.853043,31.32023811
09:45,179.397675,29.13502312,187.152344,30.39441681,192.290680,31.22890663
09:46,227.490921,36.94559097,186.786301,30.33497047,182.257065,29.59940147
09:47,201.597488,32.74037552,186.629929,30.30957413,174.734207,28.37765503
09:48,203.092072,32.98310471,186.576035,30.30082321,177.041031,28.75229263
09:49,191.944565,31.17269707,185.824783,30.17881584,184.145126,29.90603065
09:50,189.659851,30.80164909,185.019165,30.04797935,194.038666,31.51278877
09:51,195.295486,31.71690178,185.253998,30.08611679,197.091125,32.00852203
09:52,203.720367,33.08514404,186.430817,30.27723885,191.197479,31.05136681
09:53,194.191208,31.53756142,187.021790,30.37321472,179.895721,29.21590805
09:54,199.674515,32.42807770,187.258926,30.41172791,180.379318,29.29444695
09:55,193.715225,31.46026039,188.116516,30.55100441,194.487488,31.58568001
09:56,186.394623,30.27136040,188.688934,30.64396667,198.742981,32.27679062
09:57,184.795319,30.01162529,189.032043,30.69968987,196.533508,31.91796303
09:58,180.444839,29.30508804,189.274597,30.73908234,190.977341,31.01561546
09:59,170.772888,27.73431778,189.910446,30.84234619,187.951050,30.52413177
10:00,184.119415,29.90185547,189.907135,30.84180832,176.869965,28.72451019
10:01,180.425797,29.30199432,188.961609,30.68825150,172.403030,27.99905968
10:02,192.353912,31.23917770,188.410065,30.59867668,185.631210,30.14737892
10:03,186.680206,30.31773949,186.484894,30.28602028,183.983322,29.87975311
10:04,174.752090,28.38055801,185.211777,30.07925987,192.417633,31.24952507
10:05,175.675491,28.53052330,183.707703,29.83499146,183.408752,29.78644180
10:06,170.277863,27.65392303,183.070160,29.73145103,179.653900,29.17663574
10:07,191.611374,31.11858559,185.086258,30.05887604,187.724731,30.48737526
10:08,181.301605,29.44423103,186.438080,30.27841759,185.239365,30.08374023
10:09,174.942490,28.41147995,186.788849,30.33538437,190.333130,30.91099167
10:10,166.412888,27.02623367,185.909698,30.19260597,185.295837,30.09291267
10:11,171.696289,27.88428116,185.685959,30.15626907,185.803802,30.17540741
10:12,174.285629,28.30480385,185.080139,30.05788231,174.922699,28.40826607
10:13,184.033737,29.88794136,183.940079,29.87273026,175.386734,28.48362732
10:14,193.581940,31.43861389,182.751648,29.67972374,187.470276,30.44605064
10:15,167.659958,27.22876358,182.288818,29.60455894,197.955750,32.14894104
10:16,176.046768,28.59082031,183.576141,29.81362534,202.248718,32.84613800
10:17,175.380386,28.48259735,185.204315,30.07804871,191.042786,31.02624321
10:18,168.783279,27.41119576,187.646973,30.47474861,186.241913,30.24655914
10:19,159.206512,25.85588455,188.631210,30.63459206,169.944611,27.59980202
10:20,169.706680,27.56116104,188.382782,30.59424591,168.517731,27.36806870
10:21,168.669037,27.39264107,188.412750,30.59911346,177.668243,28.85415459
10:22,189.536102,30.78155136,188.292480,30.57958031,177.151825,28.77028656
10:23,174.828247,28.39292717,187.143021,30.39290428,170.359940,27.66725159
10:24,182.120300,29.57719040,186.124390,30.22747231,172.567581,28.02578354
10:25,176.903534,28.72996330,185.402817,30.11028671,174.599365,28.35575485
10:26,178.721786,29.02525520,185.770020,30.16992188,184.992157,30.04359245
10:27,166.384323,27.02159309,185.901215,30.19122887,188.975250,30.69046593
10:28,166.850784,27.09734917,186.072266,30.21900749,192.968018,31.33891106
10:29,173.019516,28.09918022,185.895645,30.19032478,184.633133,29.98528671
10:30,179.273926,29.11492538,186.514938,30.29089928,179.354813,29.12806129
10:31,173.133759,28.11773300,186.066818,30.21812248,166.477020,27.03664780
10:32,183.938553,29.87248230,184.885254,30.02623177,162.894424,26.45481873
10:33,177.293839,28.79335022,184.278763,29.92773438,169.824005,27.58021355
10:34,184.290771,29.92968559,184.568832,29.97484398,176.354996,28.64087868
10:35,184.700119,29.99616432,184.950790,30.03687477,175.451141,28.49408722
10:36,193.705704,31.45871353,184.887726,30.02663231,174.482773,28.33682060
10:37,180.425797,29.30199432,184.503830,29.96428680,177.402557,28.81100655
10:38,174.990082,28.41920853,184.132294,29.90394783,180.440002,29.30430222
10:39,176.808334,28.71450233,183.433105,29.79039574,181.098755,29.41128731
10:40,198.208496,32.18998718,182.871460,29.69918251,183.195618,29.75182724
10:41,198.874863,32.29821014,183.048965,29.72801018,185.238190,30.08354950
10:42,179.102570,29.08709717,184.046524,29.89001846,187.503540,30.45145416
10:43,176.532272,28.66966820,186.394882,30.27140236,190.520355,30.94139862
10:44,185.271301,30.08892822,188.861237,30.67194939,183.778152,29.84643364
10:45,186.699249,30.32083321,190.424469,30.92582703,178.543427,28.99628830
10:46,179.692780,29.18294907,191.795166,31.14843369,185.441772,30.11661339
10:47,177.655579,28.85209846,192.375885,31.24274445,186.280472,30.25282097
10:48,197.646835,32.09877396,192.296478,31.22984886,181.560349,29.48625183
10:49,235.439819,38.23653030,191.729401,31.13775253,174.925873,28.40878105
10:50,224.834930,36.51424789,190.163055,30.88337135,167.409760,27.18812943
10:51,224.159042,36.40447998,188.133759,30.55380440,166.631165,27.06168175
10:52,173.619247,28.19657898,189.277603,30.73957062,186.599289,30.30459976
10:53,181.720474,29.51225662,191.456970,31.09350967,186.763702,30.33130074
10:54,173.124237,28.11618805,194.298950,31.55505943,186.919724,30.35663986
10:55,166.888870,27.10353470,198.063019,32.16636276,190.957825,31.01244545
10:56,173.533585,28.18266678,201.768585,32.76816559,190.983917,31.01668358
10:57,167.241089,27.16073608,202.688171,32.91750717,174.340332,28.31368637
10:58,183.833832,29.85547638,201.468842,32.71948242,171.995956,27.93294907
10:59,170.849045,27.74668503,199.343262,32.37427902,176.587051,28.67856407
11:00,171.125107,27.79151917,196.913452,31.97966766,180.493469,29.31298447
11:01,172.115158,27.95230865,195.979858,31.82804680,191.786697,31.14705849
11:02,183.310257,29.77044487,194.713409,31.62236977,187.441864,30.44143677
11:03,178.464752,28.98351288,193.321381,31.39629745,186.036972,30.21327591
11:04,179.959335,29.22624016,191.577927,31.11315346,183.574112,29.81329536
11:05,170.620560,27.70957756,190.143433,30.88018417,185.135544,30.06687927
11:06,176.370438,28.64338493,188.705139,30.64659882,182.010834,29.55941200
11:07,172.391220,27.99714279,187.316071,30.42100716,178.575500,29.00149727
11:08,169.849472,27.58435059,186.901031,30.35360336,181.807816,29.52644157
11:09,172.486420,28.01260376,186.261536,30.24974632,181.627457,29.49715042
11:10,180.892258,29.37775040,185.935028,30.19672012,192.761230,31.30532646
11:11,179.112091,29.08864212,185.144592,30.06834984,198.631073,32.25861740
11:12,179.426239,29.13966179,183.731873,29.83891678,198.394226,32.22015381
11:13,183.919510,29.86939049,182.624588,29.65908813,192.081573,31.19494820
11:14,175.627899,28.52279472,181.918976,29.54449463,181.482941,29.47368050
11:15,181.434875,29.46587372,182.018555,29.56066704,176.075470,28.59548187
11:16,195.542999,31.75709915,182.675964,29.66743279,174.457626,28.33273697
11:17,193.267792,31.38759422,182.925827,29.70801163,173.250397,28.13667679
11:18,200.788315,32.60896301,182.560944,29.64875221,174.037903,28.26457024
11:19,193.448669,31.41697121,182.632690,29.66040421,178.647232,29.01314735
11:20,170.201706,27.64155388,182.845490,29.69496346,177.822311,28.87917709
11:21,178.017334,28.91084862,184.150757,29.90694618,181.337738,29.45009804
11:22,175.408951,28.48723602,184.925629,30.03278923,173.498062,28.17689896
11:23,179.074005,29.08245850,186.044891,30.21456146,179.066818,29.08129120
11:24,190.602295,30.95470619,186.066681,30.21810150,180.089844,29.24743462
11:25,181.768066,29.51998520,186.005402,30.20814896,189.472504,30.77122307
11:26,173.723969,28.21358681,185.311707,30.09548950,186.360489,30.26581764
11:27,186.423172,30.27599716,184.590576,29.97837448,183.825134,29.85406303
11:28,176.694092,28.69594765,183.644669,29.82475471,177.968628,28.90293884
11:29,180.463882,29.30817986,182.407623,29.62385368,176.488983,28.66263771
11:30,171.791489,27.89974213,180.973785,29.39099121,177.971985,28.90348434
11:31,168.678558,27.39418793,180.225647,29.26948929,179.714096,29.18641090
11:32,182.006058,29.55863762,180.050018,29.24096680,176.543488,28.67148972
11:33,169.773315,27.57198143,181.368347,29.45506859,179.840881,29.20700264
11:34,172.514969,28.01723862,182.531311,29.64393997,173.987717,28.25642014
11:35,180.387726,29.29581261,182.864822,29.69810486,172.906433,28.08081436
11:36,177.998291,28.90775681,183.419067,29.78811646,184.001648,29.88273048
11:37,183.148422,29.74416161,183.212769,29.75461197,183.794601,29.84910393
11:38,177.198639,28.77788925,182.154327,29.58271599,178.841095,29.04463196
11:39,167.469559,27.19784164,181.033707,29.40072250,178.398895,28.97281647
11:40,171.962830,27.92756844,180.269714,29.27664566,180.272049,29.27702522
11:41,172.486420,28.01260376,180.062622,29.24301338,182.454941,29.63153648
11:42,166.641357,27.06333733,181.673645,29.50465202,194.709167,31.62168121
11:43,167.669479,27.23030853,185.508270,30.12741280,208.761597,33.90386200
11:44,172.914795,28.08217239,186.852646,30.34574509,189.685593,30.80583000
11:45,177.217682,28.78098297,187.327484,30.42286110,184.671295,29.99148369
11:46,179.740387,29.19068146,187.213394,30.40433311,172.347260,27.99000168
11:47,165.241974,26.83607101,187.049576,30.37772751,165.484222,26.87541389
11:48,170.877594,27.75132179,185.790497,30.17324829,161.280960,26.19278336
11:49,164.756470,26.75722313,184.230469,29.91989136,169.853073,27.58493423
11:50,163.223801,26.50831032,183.044357,29.72726059,176.493591,28.66338539
11:51,173.990524,28.25687599,181.057114,29.40452385,167.538666,27.20906448
11:52,169.249741,27.48695183,179.788544,29.19850159,169.047211,27.45405960
11:53,165.898819,26.94274521,178.716370,29.02437592,167.767975,27.24630547
11:54,166.489044,27.03860092,176.751953,28.70534515,164.547958,26.72336006
11:55,170.820480,27.74204636,175.886444,28.56478310,175.633148,28.52364540
11:56,172.296021,27.98168182,176.084900,28.59701347,181.184998,29.42529297
11:57,169.468689,27.52250862,176.151321,28.60779953,177.829300,28.88031197
11:58,169.535324,27.53333092,175.676315,28.53065681,173.057526,28.10535240
11:59,170.572968,27.70184898,176.186584,28.61352730,177.038391,28.75186348
12:00,168.878479,27.42665672,177.138229,28.76807785,176.595428,28.67992592
12:01,165.394287,26.86080742,177.009857,28.74723053,175.568176,28.51309395
12:02,168.212097,27.31843376,177.865738,28.88622856,186.063126,30.21752357
12:03,167.964584,27.27823639,177.721176,28.86275101,175.058456,28.43031311
12:04,162.976288,26.46811295,177.057373,28.75494766,166.746414,27.08039856
12:05,169.449646,27.51941681,176.441284,28.65489197,160.845703,26.12209511
12:06,172.772003,28.05898285,175.676605,28.53070450,158.165665,25.68684578
12:07,173.666855,28.20431137,175.020950,28.42422295,164.783005,26.76153183
12:08,174.742569,28.37901115,173.798889,28.22575378,168.461166,27.35888290
12:09,172.219864,27.96931267,173.024994,28.10006905,171.639343,27.87503433
12:10,171.610611,27.87036705,172.343033,27.98931694,166.137436,26.98149872
12:11,175.199509,28.45322037,171.796204,27.90050888,163.521988,26.55673790
12:12,168.316818,27.33543968,172.296906,27.98182487,167.903915,27.26838303
12:13,158.778137,25.78631401,172.574203,28.02685928,166.754379,27.08169174
12:14,166.574722,27.05251503,172.195221,27.96531105,166.309357,27.00941849
12:15,166.460480,27.03396225,172.323425,27.98613167,171.441101,27.84283829
12:16,158.806686,25.79095078,172.454254,28.00737953,171.309265,27.82142830
12:17,173.133759,28.11773300,172.133331,27.95525932,172.654327,28.03987122
12:18,168.773758,27.40964890,170.834229,27.74427986,171.699066,27.88473320
12:19,189.593216,30.79082680,170.460312,27.68355370,175.413940,28.48804665
12:20,169.049820,27.45448303,169.804123,27.57698441,170.678009,27.71890831
12:21,173.019516,28.09918022,169.248489,27.48674774,172.430817,28.00357246
12:22,178.598022,29.00515556,169.812592,27.57836151,178.987701,29.06844139
12:23,166.993576,27.12053871,171.548584,27.86029434,183.918015,29.86914825
12:24,169.858994,27.58589745,173.956482,28.25134850,184.188217,29.91302872
12:25,166.517593,27.04323769,176.101242,28.59966660,181.114670,29.41387177
12:26,161.196121,26.17900467,177.406464,28.81164169,181.495926,29.47578812
12:27,169.106949,27.46376038,177.283112,28.79160881,180.688293,29.34462547
12:28,163.414200,26.53923225,176.426361,28.65246773,178.838760,29.04425240
12:29,185.061859,30.05491257,174.832367,28.39359474,170.208115,27.64259529
12:30,169.668610,27.55497742,172.397720,27.99819756,159.912552,25.97054863
12:31,165.717957,26.91337204,169.759750,27.56977844,156.621521,25.43606949
12:32,180.635223,29.33600616,168.281738,27.32974243,163.257324,26.51375389
12:33,156.312546,25.38588905,168.077072,27.29650497,167.570374,27.21421432
12:34,177.122482,28.76552200,167.682098,27.23235893,160.109406,26.00251770
12:35,183.300735,29.76889801,166.338837,27.01420593,149.835739,24.33402634
12:36,178.559952,28.99897385,165.912704,26.94500160,150.877640,24.50323486
12:37,169.373489,27.50704765,166.515167,27.04284286,150.534363,24.44748688
12:38,171.601089,27.86882019,167.234604,27.15968323,148.651642,24.14172363
12:39,204.158264,33.15625763,168.709839,27.39926910,156.239075,25.37395859
12:40,224.216156,36.41375351,168.939667,27.43659401,153.585724,24.94304085
12:41,218.066467,35.41501617,168.645721,27.38885498,157.755798,25.62028122
12:42,221.417389,35.95922089,168.753281,27.40632439,162.646545,26.41456032
12:43,205.433899,33.36342621,171.016953,27.77395439,171.027618,27.77568626
12:44,210.555466,34.19519424,175.314606,28.47191429,173.827850,28.23045731
12:45,211.945343,34.42091751,179.815231,29.20283699,171.812439,27.90314484
12:46,195.190765,31.69989586,183.046173,29.72755623,167.500366,27.20284462
12:47,194.286407,31.55302238,185.587067,30.14020920,165.415787,26.86429977
12:48,187.974869,30.52799988,187.852066,30.50805664,159.796463,25.95169449
12:49,181.425369,29.46433067,189.490005,30.77406502,151.880264,24.66606712
12:50,206.033646,33.46083069,189.166046,30.72145271,145.144730,23.57218361
12:51,195.028931,31.67361259,188.665466,30.64015579,158.078278,25.67265320
12:52,193.191635,31.37522697,187.339630,30.42483330,162.241760,26.34882164
12:53,184.433563,29.95287514,185.860245,30.18457413,164.325272,26.68719482
12:54,196.694870,31.94416809,184.842178,30.01923561,160.700684,26.09854317
12:55,185.566406,30.13685417,184.132477,29.90397644,154.807190,25.14141273
12:56,181.558640,29.48597336,181.961823,29.55145264,142.849823,23.19948006
12:57,182.263092,29.60037994,179.149841,29.09477425,144.073700,23.39824486
12:58,183.595840,29.81682396,177.409454,28.81212616,154.151886,25.03498840
12:59,185.299850,30.09356499,175.595459,28.51752472,152.507263,24.76789474
13:00,164.185287,26.66445923,173.668381,28.20455933,151.342636,24.57875252
13:01,178.407639,28.97423744,172.572266,28.02654457,151.980499,24.68234444
13:02,182.748596,29.67922783,171.197891,27.80333900,141.763397,23.02304077
13:03,188.336624,30.58675003,169.918152,27.59550476,136.630203,22.18938446
13:04,173.971481,28.25378418,167.546814,27.21038818,131.440033,21.34647751
13:05,173.009995,28.09763336,166.244690,26.99891663,140.827576,22.87105751
13:06,175.599335,28.51815414,165.979401,26.95583153,141.875214,23.04119873
13:07,172.543533,28.02187920,165.562057,26.88805389,134.012146,21.76420021
13:08,172.495941,28.01414871,164.521851,26.71912003,126.303467,20.51227570
13:09,170.553925,27.69875717,163.212891,26.50653839,122.949158,19.96751976
13:10,170.782394,27.73586082,161.754532,26.26969337,124.287865,20.18493080
13:11,167.517166,27.20557213,160.124725,26.00500488,127.041740,20.63217354
13:12,167.079254,27.13445473,158.895523,25.80537796,130.255203,21.15405464
13:13,167.583801,27.21639442,157.398956,25.56232834,129.105362,20.96731567
13:14,160.148956,26.00894165,156.467621,25.41107559,133.931183,21.75105095
13:15,158.045120,25.66726875,154.833405,25.14566994,133.228867,21.63699150
13:16,163.595078,26.56860733,153.171738,24.87580872,140.578934,22.83067703
13:17,152.047745,24.69326591,151.853546,24.66172791,147.299057,23.92205620
13:18,154.170624,25.03803253,149.934113,24.35000229,142.664703,23.16941643
13:19,152.571320,24.77829742,148.149734,24.06021118,137.947525,22.40332413
13:20,158.425903,25.72910881,146.633408,23.81395340,133.794907,21.72891998
13:21,152.200058,24.71800232,144.348648,23.44289780,127.509163,20.70808601
13:22,159.758652,25.94555283,142.476730,23.13888931,131.226349,21.31177330
13:23,154.322937,25.06276894,140.419235,22.80474091,134.627792,21.86418343
13:24,151.638397,24.62678719,139.352539,22.63150597,143.650269,23.32947731
13:25,154.979797,25.16944504,137.713058,22.36524582,140.526932,22.82223320
13:26,149.087128,24.21244812,137.166016,22.27640343,141.638824,23.00280952
13:27,144.051239,23.39459610,137.116211,22.26831436,134.688553,21.87405205
13:28,148.849136,24.17379761,136.295151,22.13497162,127.503815,20.70721626
13:29,147.268875,23.91715622,135.595657,22.02136993,131.382309,21.33710289
13:30,137.168533,22.27681351,134.543640,21.85051727,132.381775,21.49942017
13:31,149.353683,24.25573730,132.900696,21.58369637,129.548782,21.03932953
13:32,144.165482,23.41314888,131.506882,21.35733414,128.856812,20.92695045
13:33,136.559280,22.17786789,131.287857,21.32176399,130.775894,21.23861885
13:34,138.053864,22.42059517,130.363144,21.17158508,126.680840,20.57356262
13:35,141.871246,23.04055595,130.060394,21.12241745,130.664078,21.22045898
13:36,140.462341,22.81174278,129.240799,20.98931122,128.222366,20.82391357
13:37,130.285843,21.15903091,128.709335,20.90299988,128.614548,20.88760567
13:38,142.680420,23.17196846,127.442886,20.69732285,123.968895,20.13312912
13:39,136.445053,22.15931511,126.444931,20.53524971,124.511200,20.22120285
13:40,133.827148,21.73415565,126.495117,20.54339981,124.111481,20.15628624
13:41,131.371078,21.33527946,125.419670,20.36874199,117.185059,19.03140259
13:42,135.378845,21.98615837,125.058357,20.31006241,123.349808,20.03258705
13:43,130.304871,21.16212082,124.553902,20.22813797,124.824348,20.27205849
13:44,134.160339,21.78826714,123.923294,20.12572289,125.500862,20.38192749
13:45,125.430817,20.37055206,122.285698,19.85976982,120.216652,19.52374840
13:46,123.802963,20.10618210,121.257645,19.69281006,118.393463,19.22765350
13:47,133.722427,21.71714973,120.023842,19.49243355,113.690315,18.46384048
13:48,139.043915,22.58138275,119.260521,19.36846733,115.472664,18.75330162
13:49,129.781296,21.07709122,118.702957,19.27791595,114.863678,18.65439987
13:50,135.788193,22.05263901,118.977867,19.32256317,113.467316,18.42762375
13:51,128.972122,20.94567680,120.173462,19.51673317,111.029625,18.03173065
13:52,137.159027,22.27526855,120.717819,19.60513878,105.367867,17.11223602
13:53,156.360138,25.39361954,120.308456,19.53865623,104.085754,16.90401459
13:54,149.477432,24.27583504,119.716988,19.44260025,108.754265,17.66220284
13:55,128.505661,20.86992073,118.473709,19.24068642,109.817963,17.83495140
13:56,122.279816,19.85881424,118.126015,19.18421745,112.763504,18.31332207
13:57,134.855270,21.90112877,120.130714,19.50979042,120.286568,19.53510284
13:58,126.173355,20.49114418,122.081078,19.82653999,121.452034,19.72437859
13:59,144.917526,23.53528595,123.538834,20.06328583,124.800156,20.26812935
14:00,143.375351,23.28482819,123.851997,20.11414528,125.858147,20.43995285
14:01,119.033623,19.33161736,123.354599,20.03336525,127.357452,20.68344688
14:02,151.105301,24.54020882,121.317505,19.70253181,122.492317,19.89332581
14:03,152.980667,24.84477806,120.783226,19.61576271,126.791527,20.59153748
14:04,163.709305,26.58715820,121.283302,19.69697571,124.488525,20.21751976
14:05,143.194473,23.25545311,119.873169,19.46796417,113.860725,18.49151611
14:06,110.713448,17.98038292,120.230087,19.52593040,120.074104,19.50059700
14:07,114.616508,18.61425781,122.944702,19.96679497,130.528397,21.19842339
14:08,111.132317,18.04840851,125.922852,20.45046043,133.591721,21.69592094
14:09,107.905159,17.52430344,127.243599,20.66495705,126.791039,20.59145927
14:10,108.390656,17.60315132,125.267036,20.34395409,114.926224,18.66455650
14:11,107.552933,17.46710014,122.015671,19.81591606,111.530998,18.11315727
14:12,110.104195,17.88143730,118.445129,19.23604393,111.402466,18.09228325
14:13,112.598343,18.28649902,115.150909,18.70104790,115.531166,18.76280212
14:14,104.011620,16.89197350,111.618446,18.12735939,115.679108,18.78682899
14:15,108.438255,17.61087990,108.129318,17.56070709,112.943901,18.34261894
14:16,98.718704,16.03238106,105.595566,17.14921379,112.317932,18.24095917
14:17,104.773193,17.01565742,103.461304,16.80260086,110.020668,17.86787224
14:18,95.786652,15.55620098,101.331757,16.45675278,107.283676,17.42337227
14:19,99.984810,16.23800087,100.096741,16.25617981,109.290504,17.74929047
14:20,103.545158,16.81621933,99.400696,16.14313889,110.138069,17.88693810
14:21,102.450401,16.63842583,98.784981,16.04314423,108.485664,17.61857986
14:22,111.836769,18.16281509,97.416267,15.82085800,102.942513,16.71834564
14:23,100.403679,16.30602837,95.700569,15.54222107,98.961243,16.07176971
14:24,102.469437,16.64151764,94.903801,15.41282177,99.037880,16.08421516
14:25,105.563324,17.14397812,94.197266,15.29807758,99.351395,16.13513184
14:26,99.147087,16.10195160,94.231689,15.30366802,106.117432,17.23396873
14:27,94.168312,15.29337502,94.109505,15.28382492,107.545120,17.46583176
14:28,101.431801,16.47299957,93.539795,15.19130135,105.290100,17.09960556
14:29,155.503372,25.25447655,93.321449,15.15584087,103.200729,16.76028252
14:30,154.294373,25.05812836,92.599030,15.03851604,98.760872,16.03922844
14:31,173.704926,28.21049309,97.242203,15.79258919,115.831635,18.81159973
14:32,159.682495,25.93318558,103.012123,16.72965240,120.028610,19.49320793
14:33,166.612793,27.05869865,108.069199,17.55094337,123.921753,20.12547302
14:34,178.893143,29.05308533,110.818161,17.99738884,119.232933,19.36398697
14:35,102.202888,16.59822845,110.000412,17.86458206,111.045746,18.03434944
14:36,102.821671,16.69872093,107.796631,17.50667763,110.443565,17.93655205
14:37,100.575027,16.33385658,104.391289,16.95363426,109.060608,17.71195412
14:38,91.436172,14.84966278,100.793938,16.36940765,112.447014,18.26192284
14:39,96.138878,15.61340427,97.444878,15.82550430,116.689606,18.95093918
14:40,106.962715,17.37124634,95.032425,15.43371105,121.234741,19.68909073
14:41,100.870140,16.38178253,92.670212,15.05007648,119.834305,19.46165276
14:42,95.205956,15.46189308,90.869263,14.75759411,115.717896,18.79312897
14:43,91.417137,14.84657192,89.979897,14.61315727,108.938545,17.69213104
14:44,147.525909,23.95889854,89.984985,14.61398315,107.943199,17.53048134
14:45,160.901016,26.13107872,89.754166,14.57649708,111.236343,18.06530380
14:46,159.549225,25.91154099,88.818893,14.42460442,113.264404,18.39467049
14:47,98.880531,16.05866241,87.878296,14.27184677,111.300735,18.07576180
14:48,84.134605,13.66385460,87.388412,14.19228745,106.243744,17.25448227
14:49,89.284737,14.50025940,87.109833,14.14704514,101.386208,16.46559525
14:50,155.589050,25.26839066,86.772797,14.09230900,102.024872,16.56931686
14:51,138.110992,22.42987251,86.357605,14.02487946,107.852798,17.51580048
14:52,138.977264,22.57055855,85.565643,13.89626122,111.628906,18.12905693
14:53,140.643204,22.84111595,85.565399,13.89622211,115.412468,18.74352646
14:54,132.075531,21.44968605,85.744240,13.92526627,114.430275,18.58401299
14:55,144.984161,23.54610634,88.036499,14.29753971,117.850739,19.13951302
14:56,148.354126,24.09340477,93.520065,15.18809700,123.823517,20.10951996
14:57,136.483124,22.16549873,100.305901,16.29014778,129.128891,20.97113609
14:58,144.089325,23.40078163,105.144394,17.07594299,128.620377,20.88855171
14:59,126.973000,20.62100983,108.393578,17.60362434,127.806175,20.75632095
15:00,134.122253,21.78208160,111.318733,18.07868385,126.649490,20.56847000
15:01,161.158035,26.17282104,113.248611,18.39210510,121.092911,19.66605568
15:02,149.372726,24.25883102,115.077164,18.68906975,120.489685,19.56809044
15:03,145.869492,23.68988991,115.300125,18.72528076,119.272720,19.37044907
15:04,147.411682,23.94034767,114.647675,18.61931992,123.768402,20.10056877
15:05,134.027054,21.76662254,113.149811,18.37605858,123.992546,20.13697052
15:06,152.276215,24.73037148,114.590828,18.61008835,128.993225,20.94910431
15:07,141.261993,22.94161034,115.585327,18.77159882,115.411430,18.74335670
15:08,137.663559,22.35720634,116.435394,18.90965462,110.385338,17.92709541
15:09,141.166794,22.92614937,113.875389,18.49389648,104.617920,16.99044037
15:10,152.133423,24.70718002,108.874802,17.68177795,109.017670,17.70498085
15:11,108.466820,17.61552048,103.791046,16.85615158,113.291199,18.39902115
15:12,104.373367,16.95072365,98.583977,16.01049995,108.070976,17.55123329
15:13,139.976837,22.73289490,93.527939,15.18937588,103.173729,16.75589752
15:14,146.288361,23.75791550,89.041595,14.46077251,101.505867,16.48502922
15:15,125.392738,20.36436844,85.761795,13.92811775,104.004448,16.89081001
15:16,139.081985,22.58756638,83.857468,13.61884594,108.099846,17.55592155
15:17,118.300606,19.21257210,81.608284,13.25356770,105.487099,17.13159943
15:18,133.808105,21.73106384,80.640144,13.09633732,108.033554,17.54515457
15:19,145.088882,23.56311417,81.337601,13.20960712,108.213547,17.57438660
15:20,135.769150,22.04954529,86.006104,13.96779442,115.943222,18.82972336
15:21,135.559723,22.01553345,90.746201,14.73760796,109.259125,17.74419403
15:22,128.239120,20.82663345,96.092667,15.60589981,114.855385,18.65305328
15:23,133.141724,21.62283897,100.824615,16.37438965,117.805328,19.13213730
15:24,143.860855,23.36367798,104.832703,17.02532196,118.624123,19.26511383
15:25,117.938858,19.15382385,108.173218,17.56783676,115.341347,18.73197556
15:26,117.510475,19.08425140,110.894997,18.00986671,110.114120,17.88304901
15:27,137.054306,22.25826073,109.486885,17.78118324,96.806534,15.72183514
15:28,135.388367,21.98770523,108.774109,17.66542435,110.825562,17.99859047
15:29,118.386284,19.22648811,107.598770,17.47454453,118.772263,19.28917122
15:30,123.793442,20.10463524,106.157043,17.24040222,122.641579,19.91756630
15:31,111.522621,18.11179543,104.865295,17.03061485,116.398788,18.90370941
15:32,124.516937,20.22213364,104.748756,17.01168823,108.234612,17.57780838
15:33,126.715973,20.57926750,102.390533,16.62870216,93.449417,15.17662334
15:34,118.462440,19.23885536,102.170227,16.59292412,101.332497,16.45687294
15:35,119.842789,19.46302986,101.165398,16.42973518,100.970787,16.39812851
15:36,112.931526,18.34060860,99.908043,16.22553444,105.051407,17.06084061
15:37,117.843666,19.13836288,98.830444,16.05052757,107.130943,17.39856720
15:38,116.368118,18.89872742,97.941399,15.90614223,107.300346,17.42607880
15:39,123.498329,20.05670738,97.948578,15.90730762,109.746628,17.82336617
15:40,117.148727,19.02550316,97.848236,15.89101219,109.742142,17.82263756
15:41,127.201477,20.65811539,96.720139,15.70780373,110.881905,18.00774002
15:42,126.915886,20.61173439,95.349701,15.48523808,114.426598,18.58341599
15:43,97.481148,15.83139515,94.204605,15.29926968,113.602127,18.44951820
15:44,122.384537,19.87582207,92.189705,14.97204018,105.626427,17.15422630
15:45,120.766197,19.61299706,90.144104,14.63982487,101.909500,16.55058098
15:46,138.263306,22.45460892,89.979233,14.61304951,105.638336,17.15616035
15:47,121.527763,19.73667908,90.251366,14.65724468,107.442513,17.44916725
15:48,135.835785,22.06036758,91.879745,14.92170143,115.365211,18.73585129
15:49,98.214157,15.95043945,94.002304,15.26641464,113.841331,18.48836517
15:50,135.445480,21.99698067,93.230560,15.14107990,99.740143,16.19826698
15:51,121.965668,19.80779648,93.348984,15.16031265,101.979919,16.56201744
15:52,101.031975,16.40806580,95.273071,15.47279358,105.629562,17.15473557
15:53,109.647247,17.80722618,96.935547,15.74278736,106.804283,17.34551620
15:54,85.924301,13.95450878,95.937561,15.58070946,104.613892,16.98978615
15:55,81.611900,13.25415516,94.768913,15.39091587,108.608856,17.63858795
15:56,90.864998,14.75690174,94.121552,15.28578091,106.658997,17.32192039
15:57,84.829544,13.77671528,92.902695,15.08783340,101.109665,16.42068291
15:58,82.811378,13.44895554,90.772530,14.74188423,97.292534,15.80076313
15:59,93.083069,15.11712646,88.302979,14.34081745,97.379280,15.81485176
16:00,87.199936,14.16167831,85.362259,13.86323071,98.602783,16.01355362
16:01,85.248405,13.84474087,82.866005,13.45782757,102.603386,16.66327095
16:02,84.191727,13.67313099,81.715019,13.27090168,104.474594,16.96716309
16:03,91.245781,14.81874275,81.912659,13.30299950,100.408234,16.30676842
16:04,82.611465,13.41648960,80.801376,13.12252235,87.422394,14.19780636
16:05,87.085693,14.14312458,79.972076,12.98783970,86.556557,14.05719090
16:06,82.478188,13.39484406,79.292007,12.87739372,88.212311,14.32609272
16:07,82.002205,13.31754208,78.341507,12.72302818,90.204773,14.64967823
16:08,84.772423,13.76743889,77.630249,12.60751629,90.966080,14.77331734
16:09,86.162292,13.99316025,76.784790,12.47021008,87.665421,14.23727512
16:10,80.955048,13.14747906,76.694092,12.45547962,86.887054,14.11086464
16:11,82.221161,13.35310173,76.318771,12.39452648,84.483414,13.72050190
16:12,82.459152,13.39175320,76.014030,12.34503460,88.880798,14.43465805
16:13,89.703598,14.56828499,76.183105,12.37249374,96.584412,15.68576145
16:14,87.675919,14.23898029,76.742844,12.46339703,98.387306,15.97855949
16:15,79.346230,12.88619995,77.537598,12.59246922,94.493576,15.34619999
16:16,99.803940,16.20862770,77.761124,12.62877083,88.679962,14.40204144
16:17,87.104736,14.14621735,77.614708,12.60499191,87.105232,14.14629745
16:18,86.838188,14.10292912,77.522034,12.58994198,89.304565,14.50347996
16:19,82.449631,13.39020634,78.624687,12.76901722,96.318054,15.64250374
16:20,79.669891,12.93876362,79.492920,12.91002274,97.456818,15.82744408
16:21,108.133629,17.56140900,80.877487,13.13488293,101.056442,16.41204071
16:22,131.047409,21.28271294,82.557693,13.40775585,99.434196,16.14857864
16:23,126.297112,20.51124191,83.435211,13.55026913,91.494324,14.85910702
16:24,135.369324,21.98461342,83.601974,13.57735252,88.486435,14.37061214
16:25,86.029015,13.97151470,83.024399,13.48355103,92.245575,14.98111343
16:26,92.692764,15.05373955,82.738281,13.43708420,102.104134,16.58218956
16:27,92.968834,15.09857464,83.366821,13.53916264,107.379036,17.43885803
16:28,79.917404,12.97896099,83.663490,13.58734322,100.240936,16.27959824
16:29,131.618591,21.37547684,83.346252,13.53582191,91.800179,14.90877914
16:30,131.037888,21.28116608,82.384445,13.37961960,87.259933,14.17142200
16:31,132.856140,21.57645988,81.799355,13.28459835,91.657600,14.88562393
16:32,125.659294,20.40765762,82.231476,13.35477734,98.142517,15.93880463
16:33,123.241302,20.01496506,82.273819,13.36165333,97.459846,15.82793617
16:34,137.330368,22.30309486,84.028519,13.64662552,103.964935,16.88439178
16:35,89.122902,14.47397709,86.184998,13.99684715,102.307236,16.61517525
16:36,86.676353,14.07664585,86.975365,14.12520695,96.531403,15.67715168
16:37,81.868935,13.29589844,87.258774,14.17123413,97.403854,15.81884193
16:38,83.887100,13.62365818,87.461151,14.20410061,100.363686,16.29953194
16:39,77.785004,12.63264942,88.485672,14.37048817,103.036789,16.73365784
16:40,81.707100,13.26961613,89.178940,14.48307800,97.609779,15.85228539
16:41,86.809624,14.09828949,90.313515,14.66733837,95.200470,15.46100235
16:42,88.275650,14.33637905,91.271820,14.82297134,89.961868,14.61022854
16:43,86.314606,14.01789665,91.262039,14.82138252,87.200668,14.16179752
16:44,84.087006,13.65612411,90.710602,14.73182678,91.818314,14.91172409
16:45,100.213287,16.27510834,91.472565,14.85557270,103.050400,16.73586845
16:46,92.930756,15.09239006,92.645248,15.04602242,103.177979,16.75658798
16:47,83.620544,13.58036804,93.757904,15.22672272,95.603378,15.52643681
16:48,88.637398,14.39512920,94.694946,15.37890339,85.578568,13.89836025
16:49,86.286049,14.01325893,95.018158,15.43139458,79.896179,12.97551346
16:50,85.486397,13.88339138,95.259453,15.47058201,82.993858,13.47859192
16:51,75.633568,12.28324604,95.162292,15.45480251,85.942619,13.95748425
16:52,73.881950,11.99877453,95.213577,15.46313095,87.436371,14.20007610
16:53,78.565613,12.75942326,95.528458,15.51426888,87.296364,14.17733860
16:54,85.924301,13.95450878,95.663040,15.53612614,86.398666,14.03154850
16:55,85.800545,13.93441010,95.373123,15.48904228,86.693375,14.07941055
16:56,77.737404,12.62491894,94.586105,15.36122704,89.307907,14.50402260
16:57,73.053741,11.86427021,93.155472,15.12888527,92.582077,15.03576279
16:58,104.240097,16.92908096,92.677406,15.05124474,100.480324,16.31847572
16:59,93.606651,15.20215893,93.638962,15.20740604,105.251953,17.09341049
17:00,94.349182,15.32274914,94.329781,15.31959820,100.508102,16.32298660
17:01,100.432236,16.31066513,93.278114,15.14880276,92.588287,15.03677177
17:02,91.988312,14.93933296,93.445969,15.17606354,98.111954,15.93384075
17:03,91.550407,14.86821556,94.688354,15.37783241,102.621895,16.66627693
17:04,82.649544,13.42267323,96.760445,15.71434975,106.640411,17.31890297
17:05,94.387260,15.32893372,99.986588,16.23829079,107.644165,17.48191643
17:06,90.779320,14.74298668,102.676926,16.67521477,101.785797,16.53049088
17:07,93.168747,15.13104153,104.656815,16.99675751,97.973358,15.91133213
17:08,90.036789,14.62239647,105.125381,17.07285500,95.141281,15.45139027
17:09,90.684120,14.72752571,105.796204,17.18179893,102.891190,16.71001053
17:10,97.109879,15.77109909,107.320938,17.42942238,112.357391,18.24736595
17:11,99.956253,16.23336411,109.695633,17.81508446,115.457123,18.75077820
17:12,72.349289,11.74986362,110.823944,17.99832726,105.362785,17.11141014
17:13,87.885345,14.27299213,108.963226,17.69613838,92.582825,15.03588486
17:14,105.886993,17.19654465,106.708199,17.32991219,93.105087,15.12070274
17:15,104.944550,17.04348755,104.374832,16.95096207,96.435188,15.66152668
17:16,102.498001,16.64615631,101.797157,16.53233528,100.169754,16.26803780
17:17,82.611465,13.41648960,99.989525,16.23876762,104.204430,16.92328835
17:18,82.211639,13.35155582,98.892227,16.06056023,103.352127,16.78487015
17:19,84.163162,13.66849232,98.576347,16.00926018,99.191071,16.10909462
17:20,98.299835,15.96435356,98.248093,15.95595074,91.558647,14.86955357
17:21,98.261757,15.95816994,97.310013,15.80360222,88.831085,14.42658424
17:22,78.765526,12.79189014,97.457436,15.82754421,97.904327,15.90012169
17:23,96.671982,15.69998264,97.772423,15.87869930,99.234764,16.11618996
17:24,87.809189,14.26062393,96.973808,15.74900055,92.291306,14.98854065
17:25,80.298187,13.04080200,96.841621,15.72753334,89.651901,14.55988884
17:26,99.327957,16.13132477,96.908516,15.73839664,84.558456,13.73268986
17:27,104.620880,16.99092102,98.256783,15.95736217,89.052116,14.46248055
17:28,95.034599,15.43406391,99.185081,16.10812187,93.553665,15.19355392
17:29,82.611465,13.41648960,97.908325,15.90077114,92.624588,15.04266739
17:30,80.107796,13.00988102,96.407944,15.65710163,92.628067,15.04323196
17:31,105.687080,17.16407776,96.844597,15.72801590,94.955887,15.42128086
17:32,106.458168,17.28930473,97.489670,15.83277893,92.639664,15.04511547
17:33,90.588928,14.71206665,97.412689,15.82027721,93.949112,15.25777626
17:34,85.400719,13.86947727,96.520538,15.67538738,98.759140,16.03894806
17:35,95.139313,15.45106983,97.240364,15.79229069,108.888481,17.68400002
17:36,94.606216,15.36449242,98.036507,15.92158794,105.985924,17.21261024
17:37,87.104736,14.14621735,97.191360,15.78433228,98.847412,16.05328369
17:38,97.595383,15.84994793,97.020927,15.75665283,99.758537,16.20125389
17:39,90.950668,14.77081490,97.301781,15.80226517,95.483749,15.50700855
17:40,108.828560,17.67426872,96.883514,15.73433685,91.254616,14.82017708
17:41,102.336166,16.61987305,96.284729,15.63709164,94.643799,15.37059689
17:42,91.283859,14.82492638,95.941452,15.58134174,99.891541,16.22285461
17:43,91.883598,14.92232704,95.485703,15.50732517,99.856087,16.21709633
17:44,91.598007,14.87594604,96.030640,15.59582615,97.029099,15.75798035
17:45,97.490669,15.83294201,97.935989,15.90526390,91.695358,14.89175606
17:46,99.232765,16.11586571,97.773438,15.87886429,84.755157,13.76463509
17:47,93.749451,15.22535038,97.650833,15.85895252,92.404800,15.00697231
17:48,92.816521,15.07383823,95.878807,15.57116795,94.628555,15.36812115
17:49,90.484207,14.69505882,95.702011,15.54245472,101.774277,16.52861977
17:50,101.070053,16.41424942,95.122032,15.44826412,99.213043,16.11266327
17:51,105.572845,17.14552498,94.589706,15.36181164,96.994812,15.75241184
17:52,105.506210,17.13470268,92.611565,15.04055214,92.145508,14.96486187
17:53,97.595383,15.84994793,92.443314,15.01322746,100.649223,16.34590530
17:54,88.827789,14.42604923,92.193062,14.97258568,100.620605,16.34125710
17:55,106.391533,17.27848434,92.665848,15.04936790,101.356743,16.46080971
17:56,105.449089,17.12542534,94.096802,15.28176117,100.997826,16.40251923
17:57,87.209450,14.16322327,94.757599,15.38907814,96.573608,15.68400669
17:58,102.355202,16.62296486,92.836113,15.07701969,90.201225,14.64910126
17:59,108.086029,17.55367851,91.898170,14.92469311,96.638786,15.69459152
18:00,104.497124,16.97082329,91.725433,14.89663982,101.096054,16.41847229
18:01,114.007248,18.51531219,90.968239,14.77366829,101.359253,16.46121788
18:02,108.285942,17.58614349,89.713387,14.56987476,99.299942,16.12677574
18:03,116.111092,18.85698509,89.923370,14.60397720,96.575356,15.68428993
18:04,103.621315,16.82858658,90.676559,14.72629833,88.238693,14.33037758
18:05,114.073883,18.52613258,92.876343,15.08355331,89.293915,14.50174999
18:06,110.361221,17.92317963,94.784119,15.39338493,92.663849,15.04904366
18:07,99.347000,16.13441849,97.375572,15.81424904,100.698753,16.35394859
18:08,105.287254,17.09914398,99.290451,16.12523460,98.475029,15.99280643
18:09,123.898155,20.12164116,100.296547,16.28862953,91.498528,14.85978985
18:10,110.218430,17.89999008,99.309654,16.12835312,82.968628,13.47449398
18:11,118.490997,19.24349403,97.053467,15.76193810,83.527328,13.56522942
18:12,99.023331,16.08185387,96.761963,15.71459579,93.823395,15.23735905
18:13,97.947609,15.90715027,96.761444,15.71451187,94.691498,15.37834263
18:14,104.906471,17.03730202,94.948021,15.42000389,89.790268,14.58236027
18:15,96.348312,15.64741707,95.544434,15.51686382,98.839737,16.05203629
18:16,83.991814,13.64066410,95.730232,15.54703808,93.137802,15.12601566
18:17,120.347328,19.54496956,95.004616,15.42919445,90.666359,14.72464180
18:18,115.635109,18.77968407,94.386169,15.32875633,94.270340,15.30994511
18:19,98.623505,16.01692009,92.693344,15.05383301,92.821091,15.07458019
18:20,93.977921,15.26245499,90.848473,14.75421810,90.835022,14.75203323
18:21,91.740799,14.89913559,93.071815,15.11529922,95.081009,15.44160175
18:22,88.942024,14.44460201,95.966064,15.58533859,84.556046,13.73229790
18:23,79.917404,12.97896099,97.565071,15.84502506,75.970818,12.33801651
18:24,74.043785,12.02505779,95.998932,15.59067631,71.253944,11.57197475
18:25,75.852516,12.31880379,92.391449,15.00480461,75.814117,12.31256771
18:26,76.061951,12.35281754,89.421890,14.52253437,87.208878,14.16313076
18:27,64.857330,10.53313446,91.687149,14.89042282,103.544746,16.81615257
18:28,79.679413,12.94031048,90.747299,14.73778629,79.022522,12.83362770
18:29,81.621422,13.25570107,87.717979,14.24581051,70.375031,11.42923450
18:30,74.538811,12.10545254,84.468857,13.71813774,70.503990,11.45017815
18:31,75.290855,12.22758770,80.822495,13.12595177,74.463066,12.09315109
18:32,73.129898,11.87663841,78.036530,12.67349815,81.578156,13.24867439
18:33,80.383865,13.05471611,75.844620,12.31752205,83.185791,13.50976276
18:34,77.156708,12.53061104,75.612251,12.27978420,84.495392,13.72244740
18:35,71.225967,11.56743050,75.481064,12.25847816,76.942932,12.49589252
18:36,69.531471,11.29223633,74.965256,12.17470837,72.259277,11.73524570
18:37,71.178375,11.55970192,75.356857,12.23830700,76.467041,12.41860580
18:38,64.029121,10.39862919,76.298904,12.39129925,82.454895,13.39106178
18:39,79.517578,12.91402721,77.586411,12.60039711,90.159500,14.64232540
18:40,63.238991,10.27030849,78.787033,12.79538345,94.651779,15.37189293
18:41,57.574802,9.35041809,79.003754,12.83057976,91.392128,14.84251022
18:42,56.499084,9.17571640,79.218567,12.86546612,91.050949,14.78710079
18:43,63.553139,10.32132721,79.014755,12.83236694,91.675766,14.88857365
18:44,60.563972,9.83587265,78.288742,12.71445847,94.357559,15.32411003
18:45,54.338123,8.82476616,77.823486,12.63889885,95.419083,15.49650574
18:46,51.444153,8.35477161,77.934914,12.65699482,92.526321,15.02670860
18:47,60.630608,9.84669495,78.689240,12.77950096,88.748398,14.41315556
18:48,65.161957,10.58260727,79.990494,12.99083138,86.755890,14.08956337
18:49,52.938736,8.59749889,83.614609,13.57940388,95.084808,15.44221878
18:50,52.710266,8.56039429,82.782532,13.44427109,86.556747,14.05722141
18:51,55.832706,9.06749344,80.032166,12.99759865,90.401550,14.68163586
18:52,56.632359,9.19736004,77.094490,12.52050686,89.366684,14.51356792
18:53,58.936111,9.57150078,73.696976,11.96873379,82.239944,13.35615253
18:54,54.852184,8.90825176,70.629929,11.47063160,78.890656,12.81221199
18:55,53.471836,8.68407631,68.184090,11.07341576,79.733627,12.94911480
18:56,55.804150,9.06285572,65.834579,10.69184399,83.392403,13.54331684
18:57,51.882057,8.42588902,64.311348,10.44446468,90.897720,14.76221561
18:58,58.660042,9.52666569,63.444084,10.30361652,95.396118,15.49277687
18:59,51.272800,8.32694340,63.987701,10.39190292,98.163010,15.94213295
19:00,38.906780,6.31864357,64.165527,10.42078209,88.300354,14.34039116
19:01,43.828438,7.11794376,64.172089,10.42184830,81.359413,13.21315002
19:02,36.403114,5.91203642,64.341759,10.44940281,80.460114,13.06709957
19:03,35.137005,5.70641422,64.708992,10.50904369,83.951508,13.63411808
19:04,42.581364,6.91541290,64.884491,10.53754520,86.506294,14.04902744
19:05,47.464939,7.70852852,64.283890,10.44000530,84.693741,13.75466061
19:06,36.622066,5.94759512,63.520332,10.31599998,80.510742,13.07532215
19:07,37.259884,6.05117989,62.613792,10.16877365,76.633392,12.44562244
19:08,35.279797,5.72960424,61.729675,10.02518845,79.100708,12.84632587
19:09,52.634109,8.54802608,61.714973,10.02280045,85.871819,13.94598579
19:10,44.875599,7.28800774,61.525230,9.99198532,84.792847,13.77075577
19:11,28.939716,4.69994545,61.749199,10.02835941,82.539703,13.40483475
19:12,42.495689,6.90149927,62.128647,10.08998299,78.071213,12.67913055
19:13,41.781715,6.78554630,63.079834,10.24446106,76.612968,12.44230556
19:14,33.518665,5.44358826,63.861320,10.37137794,77.474777,12.58226681
19:15,43.419094,7.05146456,63.638496,10.33518982,80.656052,13.09892082
19:16,29.910719,4.85764074,63.810371,10.36310291,87.344223,14.18511105
19:17,28.806440,4.67830086,64.079407,10.40679550,88.459846,14.36629391
19:18,33.299713,5.40802956,63.933449,10.38309193,85.601517,13.90208721
19:19,33.728096,5.47760105,63.979576,10.39058304,82.030502,13.32213783
19:20,40.058659,6.50571394,63.861778,10.37145233,77.740768,12.62546539
19:21,41.819794,6.79173040,63.529465,10.31748295,77.581879,12.59966087
19:22,38.259445,6.21351337,63.442871,10.30341911,81.481209,13.23293018
19:23,37.935780,6.16094828,62.837364,10.20508194,81.488815,13.23416519
19:24,48.340748,7.85076380,62.386589,10.13187408,79.419044,12.89802456
19:25,34.118401,5.54098797,62.493355,10.14921379,71.742157,11.65126228
19:26,34.156479,5.54717207,62.925568,10.21940708,64.400398,10.45892620
19:27,34.261196,5.56417894,63.016014,10.23409557,63.140335,10.25428677
19:28,35.317879,5.73578882,63.572884,10.32453442,69.583893,11.30075073
19:29,43.895077,7.12876606,63.870125,10.37280750,73.408997,11.92196465
19:30,39.087654,6.34801817,63.897797,10.37730122,76.956360,12.49807358
19:31,44.742325,7.26636314,63.994164,10.39295197,77.998886,12.66738415
19:32,32.785652,5.32454348,63.949554,10.38570690,74.620804,12.11876869
19:33,35.165562,5.71105194,64.193146,10.42526722,72.522591,11.77800846
19:34,40.487041,6.57528543,63.835373,10.36716366,69.879272,11.34872150
19:35,39.087654,6.34801817,63.266983,10.27485466,71.689529,11.64271545
19:36,39.858746,6.47324705,62.523865,10.15416908,73.887100,11.99961090
19:37,38.259445,6.21351337,62.160683,10.09518623,77.133820,12.52689362
19:38,40.144337,6.51962852,62.433449,10.13948441,77.133316,12.52681160
19:39,44.247303,7.18596935,62.568420,10.16140461,73.682045,11.96630955
19:40,41.705559,6.77317810,62.713600,10.18498230,75.002655,12.18078232
19:41,44.323460,7.19833755,62.951462,10.22361279,79.605949,12.92837906
19:42,43.123985,7.00353718,63.349358,10.28823280,83.434967,13.55023003
19:43,41.619881,6.75926352,63.891739,10.37631798,83.141876,13.50263023
19:44,46.255947,7.51218271,63.940735,10.38427544,77.244492,12.54486752
19:45,41.248615,6.69896841,64.281815,10.43966770,74.944946,12.17141056
19:46,34.451588,5.59509945,64.293915,10.44163322,74.950943,12.17238426
19:47,51.567909,8.37487030,64.687912,10.50562000,79.795197,12.95911407
19:48,48.207474,7.82911968,66.303070,10.76792908,83.196060,13.51142979
19:49,41.943546,6.81182861,68.268188,11.08707333,80.361206,13.05103683
19:50,37.088531,6.02335119,68.782547,11.17060757,74.358109,12.07610512
19:51,25.769674,4.18511581,69.661377,11.31333447,75.824539,12.31426048
19:52,29.377619,4.77106285,70.751923,11.49044418,77.798813,12.63489151
19:53,48.512100,7.87859249,71.243095,11.57021236,77.990997,12.66610336
19:54,43.438133,7.05455637,71.161026,11.55688381,77.266731,12.54847908
19:55,45.970356,7.46580124,70.217651,11.40367603,73.229973,11.89289093
19:56,49.235596,7.99609137,69.806351,11.33687878,73.543098,11.94374371
19:57,33.889931,5.50388336,70.777924,11.49466610,76.339935,12.39796352
19:58,29.558493,4.80043793,71.993820,11.69213390,77.951401,12.65967274
19:59,28.597008,4.64428806,73.212891,11.89011669,84.287704,13.68871784
20:00,33.280674,5.40493727,74.661591,12.12539196,90.272430,14.66066551
20:01,33.423470,5.42812824,74.846634,12.15544415,86.638176,14.07044601
20:02,33.861370,5.49924517,74.326904,12.07103729,83.182449,13.50921917
20:03,53.386162,8.67016315,75.200089,12.21284676,82.568214,13.40946484
20:04,62.991482,10.23011208,77.856339,12.64423466,81.961746,13.31097126
20:05,34.708618,5.63684225,78.529572,12.75357056,76.414215,12.41002655
20:06,30.995958,5.03388882,78.004883,12.66835880,78.889938,12.81209564
20:07,31.738491,5.15447950,78.439232,12.73889923,85.135086,13.82633686
20:08,35.679623,5.79453802,80.155197,13.01758003,85.946648,13.95813847
20:09,39.477962,6.41140604,80.806953,13.12342834,77.288582,12.55202770
20:10,28.416136,4.61491346,80.061661,13.00238895,72.289627,11.74017429
20:11,36.526871,5.93213511,79.152710,12.85477066,73.674942,11.96515560
20:12,33.747135,5.48069286,76.938309,12.49514198,72.099350,11.70927238
20:13,29.520414,4.79425383,74.105774,12.03512478,73.177238,11.88432598
20:14,37.307484,6.05891037,71.441986,11.60251331,75.496140,12.26092720
20:15,45.046951,7.31583595,70.821930,11.50181293,80.156082,13.01772308
20:16,40.106258,6.51344442,70.781548,11.49525547,76.435928,12.41355324
20:17,39.001980,6.33410406,70.240036,11.40731144,71.684647,11.64192295
20:18,37.754906,6.13157368,69.939590,11.35851765,71.942062,11.68372822
20:19,48.321709,7.84767199,70.971077,11.52603531,76.368835,12.40265656
20:20,48.197952,7.82757330,72.596931,11.79008198,77.402267,12.57049084
20:21,49.216557,7.99299955,74.092659,12.03299522,75.334686,12.23470592
20:22,27.511768,4.46803999,75.592651,12.27660084,71.662704,11.63835907
20:23,29.587051,4.80507565,77.668709,12.61376190,69.919968,11.35533047
20:24,40.820229,6.62939644,79.877686,12.97251034,71.151291,11.55530262
20:25,33.566261,5.45131826,81.711433,13.27031994,73.035545,11.86131477
20:26,30.815084,5.00451422,82.287025,13.36379814,70.116577,11.38726044
20:27,36.688705,5.95841789,81.126755,13.17536545,63.513603,10.31490707
20:28,47.883804,7.77655411,79.284180,12.87612247,59.624565,9.68330860
20:29,33.928009,5.51006746,78.340256,12.72282505,61.746101,10.02785587
20:30,38.440319,6.24288797,78.416679,12.73523617,66.896606,10.86432266
20:31,41.124859,6.67886972,79.028442,12.83458900,71.458099,11.60513020
20:32,45.104069,7.32511234,77.954697,12.66020775,67.989944,11.04188538
20:33,30.719889,4.98905373,76.831001,12.47771454,69.179626,11.23509598
20:34,45.960838,7.46425533,74.484688,12.09666252,64.884460,10.53754044
20:35,55.128254,8.95308685,74.750763,12.13987446,72.299408,11.74176311
20:36,57.717598,9.37360859,76.989052,12.50338268,74.142021,12.04101181
20:37,44.475773,7.22307396,78.601501,12.76525211,69.894936,11.35126495
20:38,56.299171,9.14324951,79.344330,12.88589096,68.040329,11.05006790
20:39,34.403992,5.58736944,81.166031,13.18174362,72.645210,11.79792213
20:40,36.069927,5.85792542,83.970245,13.63716125,73.769356,11.98048878
20:41,37.726345,6.12693501,86.735085,14.08618450,70.937439,11.52057266
20:42,36.498314,5.92749739,89.541115,14.54189682,72.418091,11.76103687
20:43,36.936214,5.99861431,90.486481,14.69542885,69.971451,11.36369133
20:44,36.117527,5.86565542,89.396866,14.51846981,67.896706,11.02674294
20:45,30.348623,4.92875862,86.319923,14.01875973,62.711182,10.18458939
20:46,36.860058,5.98624611,82.420746,13.38551521,60.424683,9.81325150
20:47,32.671417,5.30599117,81.081581,13.16802883,65.009079,10.55777931
20:48,39.849228,6.47170115,79.142319,12.85308361,59.676643,9.69176674
20:49,29.948797,4.86382484,75.569138,12.27278233,57.420021,9.32528019
20:50,28.815960,4.67984676,71.649246,11.63617325,58.504013,9.50132561
20:51,29.244345,4.74941874,68.097870,11.05941296,57.276558,9.30198097
20:52,34.899014,5.66776323,65.768539,10.68111897,55.280594,8.97782707
20:53,34.099361,5.53789616,63.166702,10.25856876,47.663445,7.74076653
20:54,39.201893,6.36657095,60.707611,9.85920048,47.083435,7.64657068
20:55,29.882160,4.85300303,58.482208,9.49778461,51.116562,8.30156898
20:56,28.568449,4.63964987,57.379044,9.31862545,61.078484,9.91943169
20:57,27.426092,4.45412588,56.479538,9.17254162,64.777313,10.52013969
20:58,32.947487,5.35082626,55.576920,9.02595234,65.883102,10.69972420
20:59,37.297962,6.05736399,54.791939,8.89846802,62.270615,10.11303997
21:00,38.630711,6.27380848,53.879120,8.75022125,55.347206,8.98864555
21:01,33.880409,5.50233746,53.120422,8.62700558,53.264580,8.65041733
21:02,27.111944,4.40310669,52.436249,8.51589298,56.036957,9.10066414
21:03,28.216223,4.58244658,52.362030,8.50383949,64.353889,10.45137310
21:04,31.091154,5.04934931,52.638733,8.54877663,70.512314,11.45153046
21:05,33.889931,5.50388336,52.599968,8.54248142,67.640915,10.98520184
21:06,33.870892,5.50079155,52.222054,8.48110580,59.218201,9.61731339
21:07,31.452902,5.10809851,51.887627,8.42679405,54.364265,8.82901192
21:08,33.680496,5.46987057,51.232742,8.32043743,52.051353,8.45338345
21:09,33.137878,5.38174677,50.974373,8.27847672,50.264053,8.16311741
21:10,37.059971,6.01871300,50.627022,8.22206593,44.551094,7.23530626
21:11,28.616049,4.64738035,50.306389,8.16999340,43.058090,6.99283552
21:12,27.892555,4.52988148,50.110588,8.13819408,44.415955,7.21335936
21:13,34.546783,5.61055946,50.045837,8.12767887,45.518768,7.39246130
21:14,30.605654,4.97050142,50.622276,8.22129536,49.063637,7.96816444
21:15,34.175518,5.55026436,50.521317,8.20489883,46.966286,7.62754488
21:16,30.405741,4.93803501,50.282333,8.16608620,47.627029,7.73485279
21:17,28.768362,4.67211676,50.423286,8.18897820,46.695061,7.58349657
21:18,27.150023,4.40929079,50.410095,8.18683529,42.780006,6.94767332
21:19,36.403114,5.91203642,50.243416,8.15976620,41.883980,6.80215454
21:20,32.166874,5.22405100,49.892075,8.10270691,44.124664,7.16605234
21:21,32.461983,5.27197790,49.606468,8.05632305,48.063828,7.80579090
21:22,31.814648,5.16684771,49.451813,8.03120613,49.703270,8.07204437
21:23,28.359016,4.60563707,49.554810,8.04793358,47.899597,7.77911901
21:24,33.090279,5.37401628,49.561440,8.04901028,41.854500,6.79736710
21:25,33.632900,5.46214056,49.467224,8.03370857,37.735748,6.12846231
21:26,28.197184,4.57935476,49.546951,8.04665661,39.871605,6.47533560
21:27,31.024517,5.03852701,49.316010,8.00915146,43.647507,7.08855963
21:28,31.252989,5.07563162,49.194069,7.98934746,46.487686,7.54981804
21:29,32.043118,5.20395231,49.288765,8.00472641,45.105751,7.32538557
21:30,29.539454,4.79734564,49.173470,7.98600197,43.216362,7.01853991
21:31,31.281548,5.08026981,49.059265,7.96745443,43.868034,7.12437439
21:32,30.510456,4.95504093,48.738884,7.91542339,44.649200,7.25123930
21:33,31.138754,5.05707979,48.488205,7.87471151,46.281174,7.51627970
21:34,31.081635,5.04780293,48.184296,7.82535553,44.043922,7.15293932
21:35,29.510895,4.79270744,48.393059,7.85925961,41.537720,6.74592018
21:36,29.196747,4.74168873,48.494415,7.87572050,36.998856,6.00878763
21:37,30.158230,4.89783764,48.747902,7.91688776,35.381187,5.74607086
21:38,30.624693,4.97359371,48.767159,7.92001486,33.183922,5.38922453
21:39,31.748011,5.15602589,48.526016,7.88085222,35.943451,5.83738470
21:40,36.108006,5.86410952,48.423561,7.86421347,42.351868,6.87814188
21:41,31.595695,5.13128901,48.430496,7.86533976,42.816025,6.95352316
21:42,29.139627,4.73241186,48.379288,7.85702324,36.837730,5.98262024
21:43,34.518227,5.60592175,48.176323,7.82406044,30.092888,4.88722610
21:44,28.130547,4.56853247,48.740303,7.91565371,30.514969,4.95577383
21:45,35.079887,5.69713831,49.064705,7.96833801,34.968742,5.67908764
21:46,31.129234,5.05553341,48.872437,7.93711281,44.437454,7.21685076
21:47,33.194996,5.39102268,48.854774,7.93424416,54.318901,8.82164383
21:48,28.178144,4.57626247,48.865669,7.93601370,55.269363,8.97600365
21:49,41.372372,6.71906710,48.794693,7.92448664,49.235390,7.99605799
21:50,30.272467,4.91639042,48.548096,7.88443804,42.554344,6.91102505
21:51,29.529934,4.79579973,48.781364,7.92232227,43.806152,7.11432457
21:52,27.692642,4.49741507,48.631004,7.89790297,45.803711,7.43873739
21:53,30.748447,4.99369192,49.263687,8.00065327,52.551674,8.53463840
21:54,33.823292,5.49306107,49.559479,8.04869175,51.793617,8.41152573
21:55,29.977358,4.86846352,49.723495,8.07532883,52.517906,8.52915382
21:56,29.625130,4.81125975,49.588974,8.05348206,50.583755,8.21503925
21:57,33.690018,5.47141695,49.578522,8.05178452,50.723602,8.23775101
21:58,28.368538,4.60718346,49.639801,8.06173611,52.861221,8.58491039
21:59,34.975170,5.68013144,49.842262,8.09461689,56.325951,9.14759827
22:00,24.874828,4.03978872,49.829208,8.09249687,56.287552,9.14136219
22:01,34.565826,5.61365223,49.879311,8.10063362,55.175468,8.96075439
22:02,33.670979,5.46832466,49.526070,8.04326534,49.664665,8.06577396
22:03,29.958317,4.86537123,49.593483,8.05421448,46.666779,7.57890368
22:04,29.834562,4.84527254,49.258034,7.99973536,45.530212,7.39432001
22:05,27.169062,4.41238308,49.933502,8.10943508,52.154396,8.47011852
22:06,29.853601,4.84836483,50.191017,8.15125656,50.466202,8.19594765
22:07,34.622944,5.62292814,50.027641,8.12472343,45.125786,7.32863903
22:08,30.415260,4.93958092,49.881874,8.10105038,38.258415,6.21334600
22:09,31.605215,5.13283491,49.618896,8.05834103,32.769638,5.32194281
22:10,27.854477,4.52369738,49.439369,8.02918530,34.624115,5.62311840
22:11,28.568451,4.63965034,49.789497,8.08604813,44.291489,7.19314528
22:12,31.034037,5.04007292,49.755096,8.08046055,49.651649,8.06366062
22:13,29.958317,4.86537123,49.618256,8.05823708,50.921989,8.26996994
22:14,31.833687,5.16993999,49.424896,8.02683449,47.062347,7.64314556
22:15,33.252113,5.40029907,48.892807,7.94042110,42.265236,6.86407232
22:16,32.157356,5.22250557,48.541893,7.88343096,42.186172,6.85123205
22:17,36.745823,5.96769381,48.505768,7.87756395,44.795288,7.27496481
22:18,31.529058,5.12046671,48.180702,7.82477188,46.114174,7.48915815
22:19,33.670979,5.46832466,48.067039,7.80631256,47.821129,7.76637554
22:20,31.576656,5.12819719,48.288399,7.84226227,46.287651,7.51733160
22:21,28.597008,4.64428806,48.653130,7.90149641,41.278877,6.70388317
22:22,30.681810,4.98286963,48.647781,7.90062761,37.607224,6.10758924
22:23,34.813335,5.65384865,48.512115,7.87859488,42.162888,6.84745073
22:24,39.944424,6.48716164,48.680038,7.90586615,49.291550,8.00517845
22:25,37.469315,6.08519220,48.772537,7.92088842,48.865036,7.93591070
22:26,33.575783,5.45286465,48.540932,7.88327456,43.197380,7.01545715
22:27,33.156918,5.38483858,48.593956,7.89188623,39.100342,6.35007858
22:28,30.339104,4.92721272,48.536469,7.88254976,37.127228,6.02963591
22:29,30.777006,4.99833012,48.887733,7.93959713,41.367340,6.71824980
22:30,37.783463,6.13621140,49.084129,7.97149277,45.924522,7.45835781
22:31,32.452465,5.27043247,49.160919,7.98396349,47.752144,7.75517178
22:32,30.415260,4.93958092,49.246452,7.99785471,43.357872,7.04152155
22:33,41.724598,6.77627039,49.066620,7.96864891,34.136116,5.54386520
22:34,32.861809,5.33691168,49.209839,7.99190855,26.373306,4.28314877
22:35,44.951756,7.30037594,49.057243,7.96712637,19.500977,3.16704988
22:36,52.919697,8.59440708,49.175522,7.98633528,22.354439,3.63046551
22:37,49.882931,8.10122204,49.295914,8.00588703,27.556511,4.47530651
22:38,34.879974,5.66467142,48.866371,7.93612766,27.648590,4.49026060
22:39,45.713326,7.42405844,48.996361,7.95723867,26.266121,4.26574135
22:40,42.648003,6.92623568,50.255661,8.16175461,21.567757,3.50270486
22:41,44.837521,7.28182364,52.109520,8.46283054,18.395538,2.98752165
22:42,46.313065,7.52145863,53.186760,8.63777924,19.795952,3.21495533
22:43,56.156376,9.12005901,54.184052,8.79974365,29.472801,4.78652096
22:44,44.780403,7.27254725,54.538200,8.85725975,35.794006,5.81311417
22:45,45.799004,7.43797302,55.362450,8.99112129,42.572861,6.91403198
22:46,38.602154,6.26917076,55.890701,9.07691193,38.100731,6.18773746
22:47,62.667812,10.17754650,57.300941,9.30594158,37.559273,6.09980202
22:48,75.919151,12.32962608,59.047585,9.58960438,38.256012,6.21295547
22:49,55.223450,8.96854687,60.447021,9.81687927,39.306839,6.38361502
22:50,44.847038,7.28336906,60.713089,9.86009026,36.745369,5.96761990
22:51,55.794628,9.06130886,61.368889,9.96659470,37.979736,6.16808701
22:52,60.040390,9.75084114,62.403625,10.13464165,38.746330,6.29258537
22:53,61.515934,9.99047565,63.755379,10.35417271,40.986496,6.65639925
22:54,76.366577,12.40229034,63.122223,10.25134468,39.112900,6.35211802
22:55,46.446339,7.54310322,63.597221,10.32848644,54.381233,8.83176708
22:56,62.429821,10.13889503,63.447075,10.30410194,53.690186,8.71953773
22:57,56.765633,9.21900463,63.462479,10.30660439,54.429420,8.83959293
22:58,49.749657,8.07957745,64.500381,10.47516441,51.971115,8.44035244
22:59,81.878448,13.29744339,66.030785,10.72370911,46.601051,7.56822920
23:00,104.068741,16.90125084,66.192215,10.74992561,42.740082,6.94118977
23:01,31.662334,5.14211130,66.290237,10.76584530,51.607361,8.38127708
23:02,41.914989,6.80719090,65.200943,10.58893871,54.494629,8.85018349
23:03,48.397865,7.86004019,67.160721,10.90721607,68.800385,11.17350483
23:04,48.826248,7.92961168,68.857468,11.18277550,56.372429,9.15514660
23:05,36.983814,6.00634480,67.694534,10.99390984,38.759041,6.29465008
23:06,33.290192,5.40648317,66.037384,10.72478104,34.817886,5.65458775
23:07,33.214035,5.39411497,65.418671,10.62429905,40.591896,6.59231424
23:08,41.419968,6.72679663,65.134254,10.57810783,45.357162,7.36621571
23:09,36.317440,5.89812231,63.945534,10.38505459,42.621048,6.92185783
23:10,42.800316,6.95097208,62.206024,10.10254955,40.347290,6.55258894
23:11,34.232635,5.55954027,60.017685,9.74715328,38.634163,6.27436924
23:12,37.040932,6.01562071,58.971275,9.57721138,41.654350,6.76486158
23:13,43.009747,6.98498440,58.434006,9.48995590,42.877617,6.96352577
23:14,32.509583,5.27970839,57.191078,9.28809929,42.108528,6.83862209
23:15,40.353767,6.55364084,56.042458,9.10155773,42.577148,6.91472864
23:16,40.525120,6.58146954,54.700142,8.88355923,39.453796,6.40748119
23:17,38.992458,6.33255816,54.028458,8.77447510,38.052101,6.17983961
23:18,34.242157,5.56108665,53.829437,8.74215317,33.903877,5.50614834
23:19,32.471504,5.27352428,54.881744,8.91305256,32.620110,5.29765844
23:20,31.062595,5.04471111,56.239677,9.13358688,31.519562,5.11892462
23:21,35.260757,5.72651243,57.173775,9.28528881,29.939201,4.86226654
23:22,33.766174,5.48378515,57.176704,9.28576469,24.082207,3.91106319
23:23,31.586176,5.12974310,56.587547,9.19008255,17.424141,2.82976222
23:24,35.736740,5.80381393,56.104477,9.11163044,12.625130,2.05038023
23:25,32.262070,5.23951149,54.853378,8.90844536,13.000595,2.11135745
23:26,35.565388,5.77598572,53.296402,8.65558529,21.616104,3.51055670
23:27,30.691330,4.98441601,51.625885,8.38428593,29.779846,4.83638668
23:28,30.662771,4.97977781,50.077202,8.13277245,30.767265,4.99674797
23:29,34.699100,5.63529634,49.020058,7.96108723,25.583824,4.15493298
23:30,37.916740,6.15785646,48.772011,7.92080307,18.472816,3.00007200
23:31,43.733242,7.10248327,48.785294,7.92296028,13.202789,2.14419484
23:32,42.524246,6.90613699,48.402832,7.86084652,12.395348,2.01306248
23:33,31.119715,5.05398750,47.768265,7.75779009,14.210510,2.30785346
23:34,36.288879,5.89348412,47.946609,7.78675413,16.975800,2.75694942
23:35,28.397097,4.61182165,48.798996,7.92518568,17.578049,2.85475755
23:36,35.984253,5.84401131,49.724640,8.07551479,16.200005,2.63095665
23:37,27.597446,4.48195457,49.627792,8.05978584,13.236977,2.14974713
23:38,39.687393,6.44541883,49.743904,8.07864285,16.836876,2.73438764
23:39,48.569221,7.88786936,49.628929,8.05997086,21.445549,3.48285770
23:40,33.928009,5.51006746,48.828384,7.92995834,23.359558,3.79370165
23:41,27.368975,4.44484997,48.541557,7.88337660,25.711433,4.17565727
23:42,20.295879,3.29614592,48.156570,7.82085276,22.109093,3.59062028
23:43,33.223557,5.39566135,48.598564,7.89263439,23.203552,3.76836562
23:44,38.525997,6.25680256,49.184235,7.98775005,24.505188,3.97975731
23:45,46.722408,7.58793783,48.860558,7.93518353,26.510666,4.30545616
23:46,49.530704,8.04401875,47.301323,7.68195629,27.031181,4.38999033
23:47,50.282757,8.16615582,45.474762,7.38531446,24.254547,3.93905210
23:48,46.341625,7.52609730,44.820770,7.27910328,19.217659,3.12103796
23:49,29.844082,4.84681892,45.034561,7.31382370,11.612846,1.88598073
23:50,34.718140,5.63838863,45.987427,7.46857357,5.230614,0.84947616
23:51,45.056473,7.31738234,47.403946,7.69862318,3.394264,0.55124444
23:52,58.184059,9.44936371,48.519150,7.87973738,6.577492,1.06821549
23:53,55.461441,9.00719833,49.231110,7.99536276,12.684464,2.06001639
23:54,47.817169,7.76573229,48.903435,7.94214678,11.866585,1.92718899
23:55,36.536392,5.93368149,49.276054,8.00266171,13.949005,2.26538372
23:56,34.718140,5.63838863,50.610474,8.21937847,11.666504,1.89469492
23:57,37.098049,6.02489710,52.493866,8.52524948,12.027252,1.95328212
23:58,37.983376,6.16867828,53.683998,8.71853256,13.826012,2.24540901
23:59,42.143459,6.84429550,53.384727,8.66992950,15.843254,2.57301879
